STREET NAME	LOCATION	AADT 2009	AADT 2010	AADT 2011	AADT 2012	AADT 2013
A STREET S	S/O 112 ST E	2975		2650		2575
A STREET S	S/O 121 ST S	2050		2100		1975
A STREET S	N/O 131 ST S	3100		2925		2950
A STREET S	N/O 133 ST E	2050		2025		
A STREET S	S/O 133 ST E	1675		1825		
A P TUBBS ROAD E	N/O LARSON-LOSS RD E		1875		1725	
A P TUBBS ROAD E	S/O LARSON-LOSS RD E		1200		1200	
AINSWORTH AVENUE S	N/O TULE LAKE RD S	2875		2475		2075
AINSWORTH AVENUE S	S/O 116 ST S	4000		2575		3125
AINSWORTH AVENUE S	S/O 112 ST S	4425	3825	4450	3925	3975
AINSWORTH AVENUE S	N/O 112 ST S	4900		4925		4350
AINSWORTH AVENUE S	N/O 108 ST S	3925		3600		3375
AINSWORTH AVENUE S	S/O 96 ST S	4475		3550		3275
ALDER CUTOFF ROAD E	NE/O SR 7	2475		2425		2675
ALDER CUTOFF ROAD E	S/O MASHELL RIVER	4050		2750	4875	2875
ALDER CUTOFF ROAD E	SE/O SCOTT TURNER RD	2750		2775		2875
ALLEN ROAD S  (40 AV)	S/O SR 702	1025		1125		1000
ALLEN ROAD S  (40 AV)	N/O HARTS LAKE RD S	450		350		375
ANGELINE ROAD E	N/O RHODES LK RD E					
AQUEDUCT DR E	NW/O 128 ST E	775		800		800
AQUEDUCT DR E	NW/O 121 ST E					
ARTONDALE DRIVE NW	W/O WOLLOCHET DR NW		4400		4075	
ARTONDALE DRIVE NW	W/O RAY NASH DR NW		1200		1000	
B STREET E	S/O 192 ST E	2950			2000	2600
B STREET E	S/O 176 ST E	7650			6475	7800
B STREET E	N/O 176 ST E	5150			4250	4075
B STREET E	N/O 168 ST E	4825	5175	4200	4700	4350
B STREET E	N/O 159 ST E	3850		3425		3425
B STREET E	S/O 159 ST E	4900	4400	3700	4225	4700
BAYVIEW ROAD KPN	E/O BLISS COCHRANE RD	275		275		250
BENSTON DR E	SE/O MILWAUKEE AV E		1600		1225	
BENTLEY ROAD E	NE/O 72 ST E		1525		1400	
BINGHAM AVENUE E	S/O 128 ST E	1750		1575		1625
BINGHAM AVENUE E	S/O 112 ST E	2100	2050	1925	1800	1925
BLISS COCHRANE RD K	NS/O 100 ST KPN	100		75		75
BLISS COCHRANE RD K	SW/O SR 302	575		500		525
BROOKDALE ROAD E	W/O GOLDEN GIVEN RD E	4900		4825		4900
BROOKDALE ROAD E	W/O CANYON RD E	9875	10525	10200	10600	10800
BROOKDALE ROAD E	NW/O 152 ST E	3450	2900	3025	2725	3025
BROOKDALE ROAD E	SE/O 152 ST E	11550	11250	10925	10475	10375
BROOKDALE ROAD E	W/O WALLER RD E	4400		4550		4675
BROOKDALE ROAD E	E/O WALLER RD E	4250		4300		4200
BROWNS POINT BLVD N	E/O PANORAMA DR NE		325		275	
BUCKLEY-TAPPS HWY E	N/O SUMNER-BUCKLEY HWY		1600		1650	
BUJACICH ROAD NW	S/O SEHMEL DR NW		3475		3100	
BURNHAM DRIVE NW	E/O SEHMEL DR NW					
BURNHAM DRIVE NW	N/O WOODHILL DR NW					
BURNHAM DRIVE NW	S/O WOODHILL DR NW					
C STREET S	N/O 112 ST S	9225		10850		11200
C STREET S	S/O 112 ST S	9375		8900		9150
C STREET S	N/O 121 ST S	9225		8650		9050
C STREET S	S/O 121 ST S	9050		11425		9150
C STREET S	S/O GARFIELD ST S	8825		8100		8175
C STREET S	N/O TULE LK RD S	8125		7300		7425
C STREET S	S/O TULE LK RD S	9450		8550		8100
C STREET S	N/O 138 ST S	8100		7525		7350
C STREET S	S/O 138 ST S	7775	7525	7275	6900	7475
C STREET S	N/O MILITARY RD S	7900		6200		6525
CANYON ROAD E	S/O PIONEER WAY	8450	8075	7800	7775	9475
CANYON ROAD E	S/O 72 ST E	13025	13825	13025	12550	13600
CANYON ROAD E	N/O 84 ST E	14250	14050	13050	13200	13650
CANYON ROAD E	S/O 84 ST E	14750	15300	14625	15500	15250
CANYON ROAD E	N/O 96 ST E	15525	15525		15400	
CANYON ROAD E	S/O 96 ST E	16450	16850	16375	16975	17000
CANYON ROAD E	S/O 104 ST E	21350	19775	18925	20425	19300
CANYON ROAD E	N/O 112 ST E	47700	49050	48200	49675	52600
CANYON ROAD E	S/O 112 ST E	43750	44725	43900	46650	47425
CANYON ROAD E	N/O 128 ST E	43525	44425	44050	45450	47475
CANYON ROAD E	S/O 128 ST E	40775	45750	41975	42325	47075
CANYON ROAD E	N/O 144 ST E	40000		39600		43900
CANYON ROAD E	S/O 144 ST E	39175	43075	39925	42375	43350
CANYON ROAD E	S/O 184 ST E				18625	20100
CANYON ROAD E	S/O 192 ST E	13975	14125	14625	14900	15500
CANYON ROAD E	N/O BROOKDALE/160 ST	39400	39050		41675	44175
CANYON ROAD E	S/O BROOKDALE/160 ST	35525	37550		38825	40950
CANYON ROAD E	S/O MILITARY RD E	31575	36000		34775	40200
CANYON ROAD E	S/O 176 ST E	18450	17050	21600	18500	21200
CANYON VIEW BLVD E	N/O CASCADIA BLVD E					
CANTERWOOD DR NW	N/O GIG HARBOR C/L		5700		4600	
CARBONADO-S PRAIRIE R	SW/O SR 165	2100	1625		1700	
CASCADIA BLVD E	W/O CANYON VIEW BLVD E			225		
CASCADIA BLVD E	W/O 198 AV E			2175		
CHAMBERS CREEK RD	AT BRIDGE NO. 29202-A	6800	5575		6400	
CHRISTENSEN ROAD E	W/O SR 7	1100	1100		1000	
CONNELLS-PRAIRIE RD	EE/O 214 AV E	1200	1450		1375	
CORNWALL ROAD KPN	W/O KEY PENINSULA HWY	225	225		250	
CORNWALL ROAD KPN	E/O KEY PENINSULA HWY	875	875		925	
COUNTRY CLUB DR AI	E/O ECKENSTAM JOHNSON RD	325	300		325	
COUNTRY CLUB DR AI	E/O LAKE JOSEPHINE DR AI	175	175		100	
CRAMER RD KPN	E/O KEY PENINSULA HWY	650	600		550	
CRESCENT BEACH RD KPS/O SO VAUGHN RD	375	375		325		
CRESCENT VALLEY DR	NN/O 96 ST NW	4875	4425		4250	
CRESCENT VALLEY DR	S/O 96 ST NW	1575	1725		1525	
CRESCENT VALLEY DR	N/O 144 ST NW	2700	2575		2250	
CRESCENT VALLEY DR	N/O DRUMMOND DR NW	1600	1575		1475	
CREVISTON DRIVE NW	SW/O SR 302	3075	3100		2825	
CREVISTON DRIVE NW	E/O 134 AV KPN	575	750		625	
CREVISTON DRIVE NW	E/O 118 AV NW	1425	1800		1675	
CREVISTON DRIVE NW	W/O 118 AV NW	1375	1400		1250	
CROMWELL DRIVE NW	E/O 62 AV NW	275	400	425	325	
CRYSTAL MT. BLVD E	1.5 MI NE OF US 410	350	125		700	
CRYSTAL RVR RANCH	RDS/O SR 410	325	225		425	
DANFORTH STREET NW	W/O SR 302	2300	2500		1950	
DASH PT BLVD NE	W/O 21 AV NE	350	300		300	
DAVID DAY DRIVE NW	NE/O 86 AV NW	1550	1600		1600	
DEAN KREGER ROAD E	W/O SR 7	475	475		500	
DELANO ROAD KPS	W/O 158 AV KPS	550	875		700	
DELANO ROAD KPS	E/O 158 AV KPS	250	275		200	
DRIFTWOOD DRIVE E	E/O SUMNER TAPPS HWY	2575	2550		2575	
DRUMMOND DRIVE NW	E/O CR VALLEY DR	3175	3325		3200	
EAST BAY DRIVE NW	SE/O WOLLOCHET DR NW		6125		6025	
EATONVILLE CUTOFF R	SE/O 352 ST E	3775		3525		3350
EATONVILLE CUTOFF R	SE/O JENSEN RD E	3400		3450		3375
EATONVILLE CUTOFF R	NW/O SR 161	3800		3700		4050
EATONVILLE HWY E	W/O EATONVILLE C/L	725		675		750
ECKENSTAM-JOHNSON	N/O SANDBERG RD AI		500		425	
ECKENSTAM-JOHNSON	S/O LK JOSEPHINE BV		675		525	
ECKENSTAM-JOHNSON	N/O LK JOSEPHINE BV		1375		1350	
EDWARDS ROAD E	E/O 190 AV E		1450		1400	
EDWARDS ROAD E	N/O 210 AV E		650		650	
EUSTIS-HUNT ROAD E	S/O 204 ST E	5125		5000		5625
EUSTIS-HUNT ROAD E	E/O SR-161		2900		2725	
FAIRFAX FOREST RES R	E/O SR 165		125		225	
FALLING WATER BV E	S/O RHODES LAKE RD E		1125		1225	
FILLMORE DRIVE NW	E/O WOLLOCHET DR NW	11025		9875	10025	9500
FORD DRIVE NW	S/O WARREN DR NW		325		350	
FOREST CANYON ROAD	NW/O SUMNER TAPPS HWY		2650		2700	
FOREST CANYON ROAD	W/O 166 AV E		3600		3750	
FOX DRIVE FI	E/O ISLAND BLVD FI		2250		1950	2025
FOX ISLAND BRIDGE RD	AT BRIDGE		6400		6475	6150
(FOX) ISLAND BLVD FI	W/O 9 AV FI		3400		3150	
(FOX) ISLAND BLVD FI	N/O FOX DR FI		5050		5350	
FRUITLAND AVENUE E	N/O 112 ST E	6150		4975		4975
GARFIELD STREET S	W/O C ST S	1900		1900		1625
GARFIELD STREET S	E/O C ST S	3475		3475		3175
GARFIELD STREET S	E/O AINSWORTH AV S	1575		1325		1125
GEM HEIGHTS DRIVE E	S/O 160 ST E	10675		10700		10425
GEM HEIGHTS DRIVE E	N/O 176 ST E	10725		10225		10400
GEM HEIGHTS DRIVE E	S/O 176 ST E	12100		12375		12425
GOLDEN GIVEN ROAD E	S/O BROOKDALE RD	3950		3650		3675
GOLDEN GIVEN ROAD E	N/O BROOKDALE RD	5525		6425		5350
GOLDEN GIVEN ROAD E	S/O 138 ST E	1700		1375		1475
GOLDEN GIVEN ROAD E	S/O 128 ST E	6500		7675		6400
GOLDEN GIVEN ROAD E	N/O 121 ST E	8125		7850		8125
GOLDEN GIVEN ROAD E	S/O 112 ST E	8450		7800		8150
GOLDEN GIVEN ROAD E	N/O 112 ST E	8575	8075	7325	7500	8175
GOLDEN GIVEN ROAD E	S/O 99 ST E		7275	7300	7025	
GOLDEN GIVEN ROAD E	N/O 99 ST E		6800		6975	
GOLDEN GIVEN ROAD E	S/O 85 ST E		6275		5550	
GOLDEN GIVEN ROAD E	N/O 85 ST E		4825		4425	
GOLDEN GIVEN ROAD E	S/O 72 ST E		5125		4625	
GOLDMAN DRIVE NW	SE/O SR 302	800		775		775
GOLDMAN DRIVE NW	NW/O SR 302	1075		925		900
GOODNOUGH DRIVE N	N/O 62 AV NW		375		425	
GOODNOUGH DRIVE N	E/O S END 302 SPUR		925		775	
GOODRICH DRIVE NW	NE/O SR 302	600		550		500
GRIGGS ROAD E	W/O BROWNE RD E	200		225		175
GRIGGS ROAD E	E/O BROWNE RD E	25		25		25
GUTHRIE RD AI	E/O ECKENSTAM JOHNSON R		375		300	
HALL ROAD KPN	W/O WRIGHT-BLISS RD	1225		650		1250
HARTS LAKE ROAD S	SE/O SR 702	1475		1625		1750
HARTS LAKE ROAD S	SE/O ALLEN RD S	1025		1050		975
HARTS LAKE ROAD S	SE/O HARTS LK VALLEY RD	675		675		650
HARTS LAKE ROAD S	W/O 8 AV S	575		450		450
HARTS LAKE VALLEY R	SW/O HARTS LAKE RD S	450		450		525
HERRON ROAD KPN	W/O KEY PENINSULA HWY	1800		1575		1600
HERRON ROAD KPN	W/O TIEDEMAN RD KPN	425		425		350
HINKLEMAN RD S	E/O 72 AV S	500		475		525
HOFF ROAD KPN	E/O KEY PENINSULA HWY	350		275		250
HUNT STREET NW	E/O 51 AV NW		3025		3650	
HYADA BLVD EXT NE	W/O SR 509		625		450	
JACKSON LAKE ROAD K	SW/O LACKEY RD KPN	875		850		875
JAHN AVENUE NW	N/O 24 ST NW		4000		4475	4325
JAHN AVENUE NW	N/O STONE DR NW		7500		7750	
JENSEN ROAD E	E/O EATONVILLE CUTOFF	550		500		475
JENSEN ROAD E	W/O SR 161	475		425		425
KAPOWSIN HWY	E/O SR 161	3675	2625		2925	
KAPOWSIN HWY	W/O ORTING-KAPOWSIN HWY	2500	2025		2250	
KELLY LAKE ROAD E	W/O 214 AV E					
KELLY LAKE ROAD E	N/O SUMNER-BUCKLEY HWY 2075	1675		1550		
KERNAHAN ROAD E	S/O SR 706	675	950		725	
KEY PENINSULA HWY	S/O SR 302	9300	8450	9050	8825	8650
KEY PENINSULA HWY	N/O OLSON DR/CRAMER RD	8300	8250		7450	
KEY PENINSULA HWY	S/O OLSON DR/CRAMER RD	8750	7375		7600	
KEY PENINSULA HWY	N/O LACKEY RD KPN	6500	6875		6400	
KEY PENINSULA HWY	S/O LACKEY RD KPN	6625	6700		6150	
KEY PENINSULA HWY	N/O HERRON RD KPN	6500	6475		5975	
KEY PENINSULA HWY	S/O HERRON RD KPN	5100	5125		4825	
KEY PENINSULA HWY	S/O CORNWALL RD KPN	4125	3875		4475	
KEY PENINSULA HWY	S/O WHITEMAN RD KPS	2075	1625		1725	
KEY PENINSULA HWY	S/O 40 ST KPS	1275	1025		1050	
KEY PENINSULA HWY	S/O ROUSE RD KPS 950 675		600			
KINSMAN ROAD E	S/O 336 ST E	875	775		800	
KNOBLE RD E	NW/O 66 AV E	8575	9625		9325	
KOPACHUCK DRIVE NW W/O RAY NASH DR NW	2750	2675		2625		
LACKEY ROAD KPN	SE/O SO VAUGHN RD	1475	1500		1525	
LACKEY ROAD KPN	NW/O KEY PENINSULA HWY	1150	1275		1225	
LA-HAL-DA NE	NW/O LE-LOU-WA PL NE 775	850		625		
LAKE DR KPS	W/O WHITEMAN RD KPS	1500	1425		1425	
LAKE JOSEPHINE BV AI	E/O ECKENSTAM-JOHNSON 1325	1275		1175		
LAKE JOSEPHINE BV AI	W/O ECKENSTAM-JOHNSON 375	425		550		
LAKEWOOD DRIVE W	S/O 66 ST W 2	4925	22875		24275	
LAKE TAPPS PARKWAY	W/O 182 AV E					
LAKEWOOD DRIVE W	N/O 66 STREET W					
LE-LOU-WA PLACE NE	W/O SR 509 - S LEG 2050	1800		1650		
LOMBARD DRIVE NW	S/O ROSEDALE ST NW 1250	1275		1300		
LORENZ ROAD KPS	N/O LAKEBAY DOCK RD 75 100		100			
LYONS DRIVE S	SE/O 288 ST S	1325	1575		1325	
MAHNCKE ROAD KPS	E/O 158 AV KPS	100		100		125
MARKHAM AVENUE NE	NW/O SR 509		875		600775	
MARYANNE DRIVE E	NE/O SO TAPPS DR E		2075		1750	
MATHIAS ROAD E	W/O 70 AV E	2575		2125		2250
MATHIAS ROAD E	SW/O 240 ST E	2775		3125		2875
MC CUTCHEON ROAD E	S/O 96 ST E		2900		2675	
MC CUTCHEON ROAD E	S/O RHODES LK RD E		2350		2300	
MC KINLEY AVENUE E	N/O 99 ST E	2150	2300	2025	2125	
MYERS RD E	S/O SO TAPPS DR		2700		2200	
MILITARY ROAD E	W/O 152 ST E/MILITARY	13850	13925	14000	14525	15050
MILITARY ROAD E	S/O 152 ST E	3875		3025		3675
MILITARY ROAD E	W/O 22 AV E	5000		4550		4825
MILITARY ROAD E	E/O 22 AV E	4675		4675		5575
MILITARY ROAD E	W/O 36 AV E	3775		3900		4525
MILITARY ROAD E	E/O 36 AV E	3475		3650		3225
MILITARY ROAD E	E/O 38 AV E	3725		4300		3675
MILITARY ROAD E	W/O CANYON RD E	4450		4500		4075
MILITARY ROAD E	W/O SR 162 & RRXING		9300		8275	
MILITARY ROAD E	E/O 130 AV CT E		11200		11125	
MILITARY ROAD E	E/O SHAW RD E		4025		3650	
MILITARY ROAD E	SW/O SHAW RD E		13675	14175	14800	
MILITARY ROAD E	S/O RESERVOIR RD E		13275		14800	
MILITARY ROAD S	E/O C ST S	15825		17125		17350
MILITARY ROAD S	E/O SPANAWAY LOOP RD	15950		13525	14275	14050
MILITARY ROAD S	W/O SPANAWAY LOOP RD	14175	12475	12250		11975
MILWAUKEE AVENUE E	SW/O BENSTON DR E					
MILWAUKEE AVENUE E	N/O VALLEY AVE E		5450		4475	
MILWAUKEE AVENUE E	S/O VALLEY AVE E		6875		6975	
MOLLER DRIVE NW	S/O DRUMMOND DR NW		550		450	
MOLLER DRIVE NW	N/O DRUMMOND DR NW		3025		2950	
MOWITSH DR FI	E/O 12 AV FI	675625	575425	475		
MUNDY LOSS ROAD E	S/O 96 ST E		1550		1300	
MUNDY LOSS ROAD E	S/O 112 ST E		5875		3925	
MUNDY LOSS ROAD E	N/O SR 162		3550		2875	
NISQUALLY ROAD SW	N/O NISQUALLY RIVER	9550		9925		9825
NORTH LEVEE ROAD E	E/O FREEMAN RD E		9200		7450	
OLSON DRIVE KPN	W/O KEY PENINSULA HWY	2375		2450		2325
OLSON DRIVE KPN	N/O 92 ST KPN	1500		1425		1375
OLYMPIC DRIVE NE	SE/O SR 509		525		525	
ORTING-KAPOWSIN HW	AT BRIDGE #31195-A		9300		9550	
ORTING-KAPOWSIN HW	N/O 200 ST E	7650	7625		6600	
ORTING-KAPOWSIN HW	S/O 224 ST E		4250		4275	
ORTING-KAPOWSIN HW	N/O 224 ST E		4125		4075	
ORTING-KAPOWSIN HW	S/O 240 ST E		2350		2675	
ORTING-KAPOWSIN HW	S/O 264 ST E		1600		1825	
ORTING-KAPOWSIN HW	N/O KAPOWSIN HWY	1525		1550		1350
ORVILLE ROAD E	NW/O SR 161	875	1075	850925	825	
ORVILLE ROAD E	S/O KAPOWSIN HWY	1075		775		775
ORVILLE ROAD E	E/O ORTING KAPOWSIN HWY	1875		1925		2025
ORVILLE ROAD E	S/O 264 ST E		1550		1425	
ORVILLE ROAD E	S/O BROOKS RD E		2050		1650	
ORVILLE ROAD E	S/O SR 162		4850		4275	
PARK AVENUE S	S/O 96 ST S		2625		2375	
PARK AVENUE S	N/O 108 ST S		9050		8825	
PARK AVENUE S	S/O 108 ST S		11650		11475	
PARK AVENUE S	N/O TULE LK RD S	1850		1700		1775
PARK AVENUE S	S/O GARFIELD ST S	4050		2650		4200
PARK AVENUE S	N/O 121 ST S	3575		2425		2525
PARK AVENUE S	S/O 121 ST S	4375		2800		4075
PARK AVENUE S	S/O 112 ST S	3625		2775		3025
PARK AVENUE S	N/O 112 ST S	3275		2400		2625
PARK AVENUE S	S/O 160 ST S	1200		300		600
PARK AVENUE S	N/O 174 ST S	1100		1900		850
PATTERSON ROAD E	SE/O SR 162		1950		1750	
PEACOCK HILL AV NW	N/O GIG HARBOR C/L		6375		6400	
PEACOCK HILL AV NW	S/O 144 ST NW		4150		4275	
PEACOCK HILL AV NW	N/O 144 ST NW		2775		2675	
PIONEER WAY E	NW/O WALLER RD E	18725	17400	17275	16575	
PIONEER WAY E	NE/O WALLER RD E	11450	12275	11825	12950	12475
PIONEER WAY E	SE/O 44 AV E	11750	11125	10525	10000	11425
PIONEER WAY E	NW/O CANYON RD E	13500	13750	12250	11975	
PIONEER WAY E	SE/O CANYON RD E	7000	6900	6350	6175	
PIONEER WAY E	NW/O 72 ST E	7650	7775	7475	7125	7400
PIONEER WAY E	W/O SR 162		6275	5050	5425	
City of Puyallup	E/O SHAW RD E					
POINT FOSDICK DR NW	S/O STONE DR NW		2850		2700	
POINT FOSDICK DR NW	N/O STONE DR NW		2675		2475	
POINT FOSDICK DR NW	S/O 36 ST NW		2900		3275	
POINT FOSDICK DR NW	S/O 104 ST E	15675	15275	14900	15425	15450
POINT FOSDICK DR NW	N/O 104 ST E		12350	12600	11675	
POINT FOSDICK DR NW	N/O 99 ST E	13200	11850	11775	11250	11850
POINT FOSDICK DR NW	S/O 85 ST E	12350	12250	11325	12075	11525
POINT FOSDICK DR NW	N/O 85 ST E	12575	13475	12850	12700	
POINT FOSDICK DR NW	N/O 80 ST E	13300	14075	13300	13950	
PRAIRIE RIDGE DRIVE E	S/O 128 ST E		2075		2125	
PRAIRIE RIDGE DRIVE E	N/O 128 ST E		1875		1500	
PRAIRIE RIDGE DRIVE E	S/O 120 ST E		2625		2500	
RAY NASH DRIVE NW	NE/O ARTONDALE DR NW	1100	1300	1350	1400	1200
RAY NASH DRIVE NW	SW/O ARTONDALE DR NW		1725		1425	
RAY NASH DRIVE NW	S/O ROSEDALE ST NW		3125		3025	
RAY NASH DRIVE NW	S/O KOPACHUCK DR NW		2525		2300	
RAY NASH DRIVE NW	E/O KOPACHUCK DR NW		2900		3175	
RESERVOIR ROAD E	SE/O MILITARY RD E		2325		2550	
RESERVOIR ROAD E	NW/O MILITARY RD E		5250		5400	
REID DRIVE NW	NW/O 54 ST NW		4225		4100	
RHODES LAKE ROAD E	E/O MC CUTCHEON RD E	3700	4550	4375	4200	4925
RHODES LAKE ROAD E	E/O ANGELINE RD E		3950		3175	
RICE KANDLE RD E	NW/O 260 ST E	600		775		700
RICE KANDLE RD S	E/O 8 AV S	625		750		775
RIVERSIDE DR E	N/O 96 ST E	2725	2400	2350	2700	2700
ROSEDALE STREET NW	W/O RAY NASH DR NW		3925	4075	3475	3125
ROSEDALE STREET NW	E/O RAY NASH DR NW		3450		3575	
ROSEDALE STREET NW	E/O 78 AV NW		4075		3775	
ROSEDALE STREET NW	E/O LOMBARD DR NW		5625		5250	
ROUSE ROAD KPS	W/O KEY PENINSULA HWY	275		250		250
ROUSE ROAD KPS	E/O WHITEMAN RD KPS	75		75		100
SALES ROAD S	SE/O STEELE ST S		6025		5200	
SCHUDY ROAD S	S/O 304 ST S	275		275		250
SEHMEL DRIVE NW	W/O BUJACICH DR NW		3700		4275	
SEHMEL DRIVE NW	W/O 70 AV NW		3175	3375	3775	4025
SEHMEL DRIVE NW	E/O 70 AV NW		3925		3825	
SHERIDAN AVENUE S	N/O 116 ST S	650		700		525
SHERIDAN AVENUE S	S/O 116 ST S	675		625		625
SHERIDAN AVENUE S	S/O 122 ST E		10625	12175	12800	
SOUTH PRAIRIE ROAD E	NW/O 214 AV E		12350		13325	
SOUTH PRAIRIE ROAD E	SE/O 214 AV E		9025		8675	
SOUTH PRAIRIE ROAD E	SE/O 112 ST E		6600		6375	
SOUTH PRAIRIE ROAD E	SE/O 120 ST E		6150		6025	
SOUTH PRAIRIE ROAD E	SE/O 234 AV E		5925		5875	
SOUTH TAPPS DRIVE E	SE/O SUMNER-TAPPS	7400	6500		6525	
SOUTH TAPPS DRIVE E	NW/O SUMNER-TAPPS	2075	2150		2050	
SOUTH TAPPS DRIVE E	NW/O 190 AV/MARYANNE		3425		4300	
SOUTH TAPPS DRIVE E	SE/O 190 AV/MARYANNE		2500		3325	
SOUTH VAUGHN ROAD	S/O HALL RD/OLSON DR	1550		1450		1450
SOUTH VAUGHN ROAD	SW/O LACKEY RD	775		750		700
SPANAWAY LOOP ROAD	S/O MILITARY RD S	23575	24975	24000	23425	25275
SPANAWAY LOOP ROAD	N/O MILITARY RD S	25850	26075	26750	25275	27250
SPANAWAY LOOP ROAD	N/O TULE LK RD	30150	30750	30700		30175
SPANAWAY LOOP ROAD	S/O 116 ST S	31300	31700	32500		30975
SPANAWAY LOOP ROAD	N/O 138 ST S	27450	28975	28050	27975	27350
SPANAWAY LOOP ROAD	N/O 174 ST S				23450	21400
SPANAWAY LOOP ROAD	S/O 174 ST S	19550	21050	20600	20225	19900
STEELE STREET S	S/O 112 ST S	36100	34475	35300	35625	33700
STEELE STREET S	N/O 112 ST S	33875	33700	33300	34025	32850
STEELE STREET S	S/O SALES RD S	17150	18150	19425	18225	20750
STEELE STREET S	S/O 102 ST S		16275		15075	
STEELE STREET S	S/O 96 ST S		11975		12500	
STEILACOOM-DUPONT	S/O STEILACOOM C/L	8575		8250		9150
STEILACOOM-DUPONT	N/O CENTER DR	11625		12400		12900
STEILACOOM-DUPONT	S/O CENTER DR	9600		9275		10350
STEWART AVENUE E	E/O PIONEER WAY		3750		3325	
STEWART AVENUE E	E/O 66 AVE E		4800		4775	
STEWART AVENUE E	E/O 76 AVE E					
STONE DRIVE NW	E/O PT FOSDICK DR		6775		6975	
STONE DRIVE NW	E/O JAHN AV NW		875		950	
STONE DRIVE NW	W/O JAHN AV NW		6975		7325	
STRINGTOWN ROAD E	W/O EATONVILLE CUTOFF	450		575		500
STRINGTOWN ROAD E	E/O SR 7375		375		425	
SUMNER-BUCKLEY HW	W/O 192 AV E				10325	
SUMNER-BUCKLEY HW	E/O 214 AV E		3250		3825	
SUMNER-BUCKLEY HW	W/O 214 AV E		6375	6325	6500	
SUMNER-BUCKLEY HW	W/O 246 AV E		2800		3000	
SUMNER-BUCKLEY HW	NW/O MUNDY LOSS RD E		3225		3050	
SUMNER-BUCKLEY HW	E/O MUNDY LOSS RD E		2250		1975	
SUMNER TAPPS HWY	NE/O WTAPPS-FORCANYON		10825	10050	11700	
SUMNER TAPPS HWY	SW/O WTAPPS-FORCANYON	10975	10950		10950	
SUMNER TAPPS HWY	SW/O SO TAPPS DR E	10000	10250		10075	
SUMNER TAPPS HWY	S/O 16 ST E		13000	10375	11250	
SUMNER TAPPS HWY	N/O 16 ST E		7500		7500	
SUNRISE BLVD  E	E/O SR 161		13250		14250	
SUNRISE BLVD  E	E/O 122 AV E		4725		4800	
SUNRISE BLVD  E	W/O 122 AV E		11125		10500	
SUNRISE PARKWAY E	E/O 122 AV E		4950		4975	5150
TACOMA MALL BLVD	N/O 84 ST S	13800		14550		14325
THOMAS ROAD KPN	E/O CRAMER RD KPN	225		250		300
TIEDEMAN ROAD KPN	S/O HERRON RD KPN	1250		1275		1225
TISCH ROAD S	E/O 72 AV S	400		450		425
TULE LAKE ROAD E	E/O A ST S					
TULE LAKE ROAD S	W/O A ST S	2300		2250		2275
TULE LAKE ROAD S	W/O C ST S	5125		5375		5050
TULE LAKE ROAD S	E/O C ST S	5250		3975		4250
TULE LAKE ROAD S	E/O AINSWORTH AV E	5725		5100		5250
TULE LAKE ROAD S	E/O SPANAWAY LP RD S	4925	4675	5025		4200
VALLEY AVENUE E	SE/O FREEMAN RD E	15075	16300	15625	16025	16450
VALLEY AVENUE E	W/O MILWAUKEE AV E	8400	7700	7150	9125	8875
VALLEY AVENUE E	E/O MILWAUKEE AV E		6025	6650	6300	6475
VICKERY AVENUE E	S/O 72 ST E	1100	1050	1200	900	
VICKERY AVENUE E	N/O 72 ST E	1500	1650	1475	1325	
VICKERY AVENUE E	N/O 96 ST E		1750		1225	
VICKERY AVENUE E	S/O 96 ST E		1575		1275	
VICKERY AVENUE E	N/O 112 ST E	2225		1950		1875
VICKERY AVENUE E	S/O 112 ST E	1975		1700		2000
VILLA BEACH RD AI	S/O YOMAN RD AI		150		125	
WALLER ROAD E	S/O PIONEER WAY		6850		6000	
WALLER ROAD E	N/O 72 ST E		7750		7600	
WALLER ROAD E	S/O 72 ST E		8200		8850	
WALLER ROAD E	S/O 80 ST E		8100		7550	
WALLER ROAD E	N/O 96 ST E		8600		7925	
WALLER ROAD E	S/O 96 ST E		8225		7450	
WALLER ROAD E	N/O 112 ST E	7775		8025		8425
WALLER ROAD E	S/O 112 ST E	8350		8475		8500
WALLER ROAD E	N/O 128 ST E	7750		8075		8225
WALLER ROAD E	N/O BROOKDALE RD E	6800	6150	6375	7625	6625
WALLER ROAD E	S/O BROOKDALE RD E	5875		6550		7100
WALLER ROAD E	S/O 152 ST E	5125		6275		6000
WALLER ROAD E	S/O MILITARY RD E	2800		2625		4050
WARREN DRIVE NW	W/O FOX ISLAND BRIDGE	1350	1550		1250	
WARREN DRIVE NW	S/O 36 ST NW		1100		1325	
WEBSTER ROAD E	NW/O BARNEY LARSON RD	475		475		400
WEBSTER ROAD E	S/O 304 ST E	1225		1125		1100
WEBSTER ROAD E	N/O 304 ST E	775		775		600
WEST TAPPS DRIVE E	SE/O SUMNER TAPPS HWY	4800	4675	4925	4600	
WEST TAPPS DRIVE E	N/O CHURCH LAKE RD E					
WEST VALLEY HWY E	N/O JOVITA BLVD					
WEST VALLEY HWY E	S/O JOVITA BLVD	4275	5225	4850	5025	
WHEELER STREET S	E/O AINSWORTH AV S	500		625		600
WHITEMAN ROAD KPS	W/O KEY PENINSULA HY	2025		1950		2025
WHITEMAN ROAD KPS	N/O ROUSE RD KPS	350		350		350
WHITMORE DRIVE NW	E/O RAY NASH DR NW		1975		1725	
WHITMORE DRIVE NW	SE/O 68 ST NW		3000		2750	
WOLLOCHET DRIVE NW	SE/O 40 ST NW				3300	
WOLLOCHET DRIVE NW	N/O 40 ST NW	17975	18425			
WOLLOCHET DRIVE NW	NE/O ARTONDALE DR NW	22000	22675			
WOLLOCHET DRIVE NW	SW/O FILLMORE DR NW	17600	18125			16700
WOLLOCHET DRIVE NW	NE/O FILLMORE DR NW					6050
WOLLOCHET DRIVE NW	SW/O HUNT ST NW	8100	6625	7925	7575	7950
WOODLAND AVENUE E	S/O 72 ST E/PIONEER	3300	3400	3550	3125	
WOODLAND AVENUE E	S/O 84 ST E		4300		4200	
WOODLAND AVENUE E	S/O 96 ST E		5050		5000	
WOODLAND AVENUE E	N/O 112 ST E	6150		6125		6875
WOODLAND AVENUE E	S/O 112 ST E	7300		7300		7650
WOODLAND AVENUE E	S/O 128 ST E	6350	5725	7100		7975
WOODLAND AVENUE E	N/O 152 ST E	3650		3900		4025
WOODLAND AVENUE E	N/O 160 ST E	3325	3475	3575	3875	4050
WRIGHT ROAD E	SW/O 208 ST E	3875		3825		3675
WRIGHT-BLISS ROAD K	N /O SR 302	2225		2275		2375
WRIGHT-BLISS ROAD K	S/O SR 302	2375		2575		2425
YAKIMA AVENUE S	S/O 96 ST S		6825		6050	
YAKIMA AVENUE S	N/O 116 ST S	425		425		400
YAKIMA AVENUE S	N/O TULE LAKE RD S	700		650		650
YOMAN ROAD AI	E/O ECKENSTAM-JOHNSON		325		400	
YOMAN ROAD AI	W/O W E LARSON RD AI		850		850	
5 AVENUE E	N/O 176 ST E				400625	
6 AVENUE E	N/O 128 ST E					
6 AVENUE E	N/O 127 ST E	475		475475	450	
7 STREET NE	SE/O 62 AV NE		1275		1050	
8 AVENUE E	S/O SR 7	5125		5725		5575
8 AVENUE E	N/O SR-7	6800		5800		6700
8 AVENUE E	N/O 128 ST E				425375	
8 AVENUE E	S/O 208 ST E	3675		3100		2750
8 AVENUE E	N/O 288 ST E	3000		2875		2775
8 AVENUE E	S/O 288 ST E	2200		2225		2000
8 AVENUE E	N/O 304 ST E	1725		1575		1525
8 AVENUE E	S/O 304 ST E	1350		1150		1125
8 AVENUE S	S/O SR 702	975		850		1025
8 AVENUE S	S/O 336 ST S	2150		2000		1975
8 AVENUE S	S/O 304 ST S	2800		3150		2625
8 AVENUE S	S/O 288 ST S	2850		3375		2700
8 AVENUE S	S/O RICE KANDLE RD S	3625		3275		3150
8 AVENUE S	S/O SR 507	3075		2875		2800
9 AVENUE FI	N/O ISLAND BLVD FL				300400	
9 AVENUE FI	N/O GWAY DR FI				725675	
9 STREET E	E/O 182 AV E		11450		11725	
9 STREET E	E/O 190 AV E		10425	9950	10125	
10 AVENUE S	S/O TULE LK RD S	2375		2825		2050
10 STREET E	W/O 68 AV E		2950		2825	
12 STREET E	E/O 62 AV E		3175		3225	
12 STREET E	E/O 198 AV E		10600		10050	
14 AVENUE E	S/O 176 ST E	4525				4725
14 AVENUE NW	N/O 24 ST NW		3300		4275	
14 AVENUE NW	N/O CRESCENT LK DR		675		600	
16 AVENUE S	N/O 336 ST S	175		225		175
18 AVENUE E	N/O 112 ST E	1700		1600		2125
21 AVENUE NE	S/O SR 509		1750		1475	
21 AVENUE NE	S/O DOGWOOD ST NE		1600		1225	
22 AVENUE E	S/O 152 ST E	5275		5775		5275
22 AVENUE E	S/O MILITARY RD E	8150		8425		8700
22 AVENUE E	N/O 176 ST E	6950		7025		5775
22 AVENUE E	S/O 176 ST E	9375		8775		8975
22 AVENUE E	N/O 208 ST E	5050		5125		4800
22 AVENUE E	S/O 208 ST E	3950		4175		3975
22 AV NW	S/O 36 ST NW		3925		3550	
24 AVENUE E	S/O 80 ST E		350		275325	
24 AVENUE E	S/O 84 ST E		525		475	
24 AVENUE E	N/O 96 ST E	850825	725650			
24 AVENUE E	N/O 99 ST E	1000	1200	975900	925	
24 AVENUE E	N/O 104 ST E		825		700	
24 AVENUE E	S/O 112 ST E	1650		1450		1175
24 AVENUE S	S/O 288 ST S	325		375		525
24 STREET KPS	E/O 158 AV KPS	275		275		275
26 AVENUE NW	S/O STONE RD NW		1025		1050	
26 AVENUE S	S/O 96 ST S		4825		4800	
32 STREET NW	W/O 70 AV NW		7900		7225	
32 STREET NW	E/O 70 AV NW		1400		1475	
34 AVENUE E	S/O 112 ST E	350		300		325
34 AVENUE NW	N/O STONE DR NW		5925		6100	
36 AVENUE E	S/O MILITARY RD E	1675		2050		2100
36 STREET NW	W/O RAY NASH DR NW		1700		1800	
36 STREET NW	W/O 22 AV NW		4200		3850	
36 STREET NW	W/O WARREN/92 AV NW		2625		3025	
36 STREET NW	E/O PT FOSDICK DR NW					
38 AVENUE E	S/O 176 ST E	5225		5400		6750
38 AVENUE E	S/O 192 ST E (E INT)	3875	3875	3375		3425
38 AVENUE E	N/O 224 ST E	3725		3975		2400
38 AVENUE E	N/O 152 ST E				1175	1075
38 AVENUE E	S/O 152 ST E	2425		2475		2125
40 AVENUE S	S/O 288 ST S	725		575		675
40 AVENUE S	N/O 336 ST S	525		450		600
40 STREET E	E/O 218 AV E 1350	1250		1125		
40 STREET KPS	E/O KEY PENINSULA HWY	175	200		225	
40 STREET NW	W/O 70 AV NW	5025	4950	4800	4675	4875
40 STREET NW	W/O WOLLOCHET DR NW 14650		13750	14325		
42 AVENUE E	S/O 200 ST E	2950	2675		2800	
44 AVENUE E	N/O 72 ST E 1825	1950		1825		
44 AVENUE E	S/O PIONEER WY 1450	1375		1450		
46 AVENUE E	S/O 224 ST E	4525	4975		5050	
46 AVENUE E	N/O 224 ST E	5450	6100		6175	
46 AVENUE E	N/O 208 ST E	6050	6675		7600	
46 AVENUE E	S/O 208 ST E					
48 AVENUE S	S/O 288 ST S 175 225		250			
48 AVENUE S	N/O 336 ST S 175 175		125			
48 STREET E	E/O WALLER RD E 950	975		875		
50 AVENUE E	N/O 72 ST E 1525	1500		1500		
50 AVENUE E	S/O 72 ST E 700	650		625		
50 AVENUE E	N/O 84 ST E 375	350		300		
50 AVENUE E	N/O 192 ST E	450	625		725	
52 STREET E	W/O 66 AV E	4000	3550	3350	3925	3825
54 AVENUE E	N/O 260 ST E	1300	1275		1375	
54 AVENUE NW	S/O 143 ST CT NW 2975	3225		3450		
56 AVENUE S	S/O 336 ST S 525 525		500			
56 AVENUE S	N/O 288 ST S 350 375		375			
56 STREET E	E/O 44 AV E 525	450		475		
56 STREET NW	W/O 38 AV NW 1	1725	10950	10300	10125	10100
58 AVENUE E	N/O 224 ST E	550	550		450	
60 STREET KPS	E/O KEY PENINSULA HWY	100	125		75	
62 AVENUE E	S/O 112 ST E	2225	2025		2025	
62 AVENUE E	S/O 128 ST E 425		450			
62 AVENUE NE	S/O 7 ST NE 375	350		450		
62 AVENUE NE	N/O 7 ST NE 1575	1175		1250		
62 AVENUE NW	S/O 144 ST NW				2900	
62 AVENUE NW	S/O 160 ST NW		1325		1375	
64 STREET E	W/O 218 AV E		2750		2700	
64 STREET E	E/O WALLER RD E	750825	850775			
64 STREET E	W/O WALLER RD E		2425		2550	
64 STREET NW	E/O SOUNDVIEW DR NW		1925		1500	1775
66 AVENUE E	N/O STEWART AV E		5225		5775	
66 AVENUE E	S/O SR 167		7925		7525	
66 AVENUE E	S/O NO LEVEE RD		10425			10450
66 AVENUE E	S/O 204 ST E	3275		3400		3325
66 AVENUE E	N/O 160 ST E	1175		1300		1225
66 AVENUE E	S/O 144 ST E	700		825		750
66 AVENUE NW	N/O 154 ST NW		3925		3575	
66 STREET W	E/O LAKEWOOD DR W					
68 AVENUE E	S/O 10 ST E		2300		2375	
68 STREET NW	E/O WHITMORE DR NW		1350		1100	
70 AVENUE E	S/O SR 99		13600		14100	
70 AVENUE E	S/O 224 ST E	7675		6800		6500
70 AVENUE E	S/O MATHIAS RD E	5200		4850		4600
70 AVENUE E	S/O 260 ST E	1625		1775		1650
70 AVENUE NW	N/O 32 ST NW		8025		8325	
70 AVENUE NW	S/O 40 ST NW		9050		8250	
70 AVENUE NW	N/O 40 ST NW		1075		1700	
70 AVENUE NW	N/O Sehmel DR NW		350		350	
72 AVENUE S	S/O 320 ST S	525		500		475
72 AVENUE S	N/O TISCH RD S	775		925		
72 STREET E	W/O WALLER RD E	10575	10450	10750	11750	10650
72 STREET E	E/O WALLER RD E	9625	9775	9150	9525	10025
72 STREET E	E/O VICKERY AV E		10400		10700	
72 STREET E	W/O CANYON RD E	11175	11150	10850	10525	10425
72 STREET E	E/O CANYON RD E		7425		7850	
72 STREET E	W/O PIONEER WAY E	6300	6075	6375	6000	6300
74 AV E	N/O 160 ST E	2375		2100		2025
74 STREET E	E/O SR 162		1800		1550	
76 AVENUE E	S/O SR 167		1050		1125	
76 STREET KPS	E/O KEY PENINSULA HWY	50		50		50
78 AVENUE E	S/O 112 ST E	2325		1750		1550
78 AVENUE E	N/O 160 ST E	3550		3875		4650
78 AVENUE E	S/O 160 ST E			500		900
78 AVENUE E	S/O 192 ST E			7025		7175
78 AVENUE E	N/O 352 ST E	225		225		250
78 AVENUE E	S/O 176 ST E	11650		9375	10625	10350
78 AVENUE NW	S/O ROSEDALE ST NW		950		1125	
78 AVENUE NW	S/O SEHMEL DR NW				3450	2475
78 ST E	W/O 166 AV E					2575
80 STREET E	E/O GOLDEN GIVEN RD	1025	950875	900		
80 STREET E	E/O PORTLAND AV E		1675		1250	
80 STREET E	W/O WALLER RD E	900875	875725			
80 STREET E	E/O WALLER RD E	600650	625575			
80 STREET E	W/O CANYON RD E		825		700	
80 STREET E	W/O SR 162		2325		1700	
82 AVENUE E	N/O 224 ST E	4550		4600		4725
84 STREET E	W/O WALLER RD E	2625	2350	2350	2025	
84 STREET E	E/O WALLER RD E	1975	2000		1625	
84 STREET E	W/O CANYON RD E	2350	2125	2275	2125	1975
84 STREET E	E/O CANYON RD E		3300		2950	
84 STREET E	E/O WOODLAND AV E				2800	
85 STREET E	W/O GOLDEN GIVEN RD		4075		4575	
85 STREET E	W/O PORTLAND AV E		4375		4550	
85 STREET E	E/O PORTLAND AV E		3950		3600	
86 AVENUE E	S/O 112 ST E	9150		7075		7750
86 AVENUE E	S/O 128 ST E	10725		10125		9450
86 AVENUE E	N/O 152 ST E	6350		5650		6400
86 AVENUE E	S/O 160 ST E	1750		1675		1675
86 AVENUE E	N/O 192 ST E	4575		5075	6075	4550
86 AVENUE E	S/O 192 ST E	2650		2650	2925	2750
86 AVENUE E	N/O WEBSTER RD/280 ST	900		875		850
86 AVENUE E	S/O 224 ST E	2100		2300		3100
86 AVENUE NW	S/O 96 ST NW		900	1175	925	1000
86 AVENUE NW	N/O ROSEDALE ST NW			2725	2875	3050
90 ST E	E/O CANYON RD E	1225	1325		1325	
92 AVENUE NW	N/O 36 ST NW	2575	2250	2025	1850	2100
92 AVENUE E	N/O 224 ST E	2075		2075		2025
94 AVENUE E	N/O 118 ST E	18175		23275	23600	23100
94 AVENUE E	N/O 122 ST E	17275		20200		19725
94 AVENUE E	N/O 128 ST E	16125	16575	20750	20900	21250
94 AVENUE E	S/O 128 ST E	17725	16950	19475	19300	22200
94 AVENUE E	S/O 136 ST E	11975	11725	12325	12325	12975
94 AVENUE E	S/O 144 ST E	9175		9050	9475	9450
94 AVENUE NW	N/O 146 ST NW	2525		2200		2600
94 AVENUE NW	S/O 134 ST CT NW	1325		1200		1275
96 STREET E	W/O GOLDEN GIVEN		3450		2950	
96 STREET E	W/O WALLER RD E	1100	1250	1075	1000	975
96 STREET E	E/O WALLER RD E	1375	1125	1150	1150	1075
96 STREET E	W/O CANYON RD E	1675	1425	1600	1275	1275
96 STREET E	E/O CANYON RD E		1225		1150	
96 STREET E	E/O WOODLAND AV E		1025		925	
96 STREET E	E/O SR 162		3150		2850	
96 STREET E	E/O 214 AV E		1025		1000	
96 STREET NW	W/O CRESCENT VALLEY DR		6800		5850	
96 STREET NW	W/O CHAPMAN RD NW			925975	950	
96 STREET S	E/O 26 AV S		15400		14150	
97 STREET E	E/O PORTLAND AV E		850		750	
97 STREET E	W/O PORTLAND AV E	1000	1125	1100	950925	
97 STREET E	SE/O GOLDEN GIVEN RD E	900	1025	975775	725	
99 STREET E	E/O A STREET		4550		3875	
99 STREET E	W/O GOLDEN GIVEN RD		4075		3150	
99 STREET E	W/O PORTLAND AV E		3500		2950	
99 STREET E	E/O PORTLAND AV E		1025		950	
100 STREET KPN	W/O BLISS-COCHRANE	150		175		125
100 STREET KPN	E/O BLISS-COCHRANE	150		150		150
102 STREET S	W/O STEELE ST S		5775		5125	
102 STREET S	E/O STEELE ST S		1325		1175	
102 STREET S	E/O AINSWORTH AV S		1250		1075	
104 STREET E	W/O GOLDEN GIVEN RD		925		1050	
104 STREET E	E/O GOLDEN GIVEN RD		2550		2775	
104 STREET E	W/O PORTLAND AV E		3750		3525	
104 STREET E	E/O PORTLAND AV E		4350		4575	
104 STREET E	W/O WALLER RD E		3425		3475	
104 STREET E	E/O WALLER RD E		3325		3100	
104 STREET E	W/O CANYON RD E	4225	4025	3725	3675	
104 STREET E	E/O CANYON RD E		6575		5225	
104 STREET E	E/O WOODLAND AV E		6175		6125	
108 AVENUE E	S/O 224 ST E		900		925	
108 STREET AI	W/O ECKENSTAM-JOHNSON					
108 STREET S	E/O AINSWORTH AV S		3225		2700	
108 STREET S	W/O PARK AV S		3600		3675	
108 STREET S	E/O PARK AV S		5800		5625	
110 AVENUE E	S/O 116 ST E		10950		10100	
110 AVENUE E	N/O 122 ST E		10725		9700	
110 AVENUE E	S/O 152 ST E		4675		5400	5700
110 AVENUE E	N/O 264 ST E		425		475	
110 AVENUE E	S/O 264 ST E		225		175	
111 AVENUE E	S/O 122 ST E		7275		6475	
112 STREET E	E/O A ST S	15500	15050	14075	14275	13825
112 STREET E	W/O A ST E	15275		13775	13625	13650
112 STREET E	W/O GOLDEN GIVEN RD	12800		12600		12325
112 STREET E	E/O GOLDEN GIVEN RD	12800		12650		13325
112 STREET E	W/O PORTLAND AV E	13925		12875		13950
112 STREET E	E/O PORTLAND AV E	14375		14075		15150
112 STREET E	W/O WALLER RD E	12900		12125		12425
112 STREET E	E/O WALLER RD E	13800	12875	12200	11550	12725
112 STREET E	W/O VICKERY AV E	12050		11950		12650
112 STREET E	W/O BINGHAM AV E	12200	12625	12000	11825	12300
112 STREET E	W/O CANYON RD E	13475	13725	12275	11550	14000
112 STREET E	E/O CANYON RD E	17550	16825	15575	15900	17475
112 STREET E	W/O WOODLAND AV E	14700	13125	12625	12425	12825
112 STREET E	W/O FRUITLAND AV E	12225		11025		13825
112 STREET E	E/O FRUITLAND AV E	14375		12825		14050
112 STREET E	E/O 78 AV E	13525	13775		11975	14450
112 STREET E	W/O 214 AV E		2325		2325	
112 STREET E	E/O 214 AV E		500		525	
112 STREET E	W/O 234 AV E		2700		2125	
112 STREET E	E/O 234 AV E		3350		3325	
112 STREET E	W/O MUNDY LOSS RD E		2675		2400	
112 STREET S	W/O C ST S			7875		8075
112 STREET S	E/O C ST S			9900		10750
112 STREET S	E/O STEELE ST S	9375	8450	7950	8525	7925
112 STREET S	E/O AINSWORTH AV S	8650		8150		8500
112 STREET S	W/O PARK AV S	8550		8550		9550
112 STREET S		11175				
116 STREET E	W/O CANYON RD E			725		575
116 STREET S	W/O SPANAWAY LOOP RD	32500	32525	33275	31800	34125
116 STREET S	E/O SPANAWAY LOOP RD	1200		1325		1200
116 STREET S	E/O AINSWORTH AV S	1850	1825	1725	1700	1650
116 STREET S	W/O AINSWORTH AV S	1325		1325		1175
116 STREET S	W/O C ST S	875		1025		875
116 STREET S	W/O SR 7525		625		500	
118 AVENUE E	N/O 264 ST E		200		175	
118 AVENUE NW	SW/O SR 302	525		775		600
118 AVENUE NW	N/O SR 302	1800		1875		1650
118 STREET E	W/O SR 161	1950		2075	2275	1925
118 STREET E	E/O 94 AV E	2825		2950	2900	2800
120 STREET E	W/O WALLER RD E	700500	650625	625		
120 STREET E	E/O WALLER RD E	475		425		400
120 STREET E	W/O 214 AV E		6950		6150	
120 STREET E	E/O 214 AV E		2375		2225	
120 STREET E	E/O PRAIRIE RIDGE RD		2075		1850	
121 STREET E	E/O A ST S	2525		2475		2600
121 STREET E	W/O GOLDEN GIVEN RD E	2225		1875		1950
121 STREET E	E/O GOLDEN GIVEN RD E	850800	675775	725		
121 STREET S	W/O PARK AV S	2925		1625		1775
121 STREET S	E/O PARK AV S	2400		1625		1875
121 STREET S	E/O C ST S	3950		2850		2775
121 STREET S	W/O A ST S	3150		3700		2925
122 AVENUE E	S/O 136 ST E		12375	12725	12450	
122 AVENUE E	S/O 144 ST E		13525	13575	13975	
122 AVENUE E	N/O 152 ST E		14325	13850	14125	
122 AVENUE E	N/O SUNRISE BV E		8150		8675	
122 AVENUE E	S/O SUNRISE BV E		5025		5225	
122 AVENUE E	S/O SUNRISE PARKWAY E		9100	8225	8825	9075
122 AVENUE E	S/O 152 ST E		13900	13600	13675	13875
122 AVENUE E	S/O 184 ST E				350	
122 STREET E	E/O 111 AV E		7275		6925	
122 STREET E	W/O SHAW RD E		5350		5350	
122 STREET E	E/O SHAW RD E		7875		7000	
125 ST S	E/O C ST S	1000		825		1025
125 ST S	W/O C ST S	1050		1075		875
125 ST S	E/O YAKIMA AV S			2200		2350
126 AVENUE E	S/O 136 ST E		2450		3025	
126 AVENUE E	S/O 144 ST E			1525	1525	
126 AVENUE E	S/O 224 ST E		750		850	
126 AVENUE KPN	S/O CREVISTON DR KPN	975		900		925
127 STREET E	E/O A ST S	800		800		600
128 STREET E	E/O 6 AV E	2575	2775	2600	2475	2475
128 STREET E	E/O GOLDEN GIVEN RD	2350		2350		2425
128 STREET E	W/O WALLER RD E	2700		3025		3200
128 STREET E	E/O WALLER RD E	4350	5075	4575	4925	5000
128 STREET E	W/O CANYON RD E	4600		5200		5325
128 STREET E	E/O CANYON RD E	6450		7750		7775
128 STREET E	W/O WOODLAND AV E	7100		8375		7875
128 STREET E	E/O WOODLAND AV E	8325		9025		9225
128 STREET E	W/O 86 AV E	8850	8700	11300	9800	10375
128 STREET E	W/O 94 AV E	9925		12075		12350
128 STREET E	E/O 94 AVE E	9600		10250		10225
128 STREET E	E/O SR 161		8700		8425	
128 STREET E	E/O SR 162		3600		3250	
129 STREET E	W/O A ST S	1875		2700		1875
129 STREET E	E/O A ST S	2425		2100		2200
131 STREET S	W/O A ST S	3575		3050		3200
131 STREET S	E/O A ST S	5075		4750		
133 STREET E	E/O A ST S	1125		725		700
133 STREET E	W/O A ST S	1225		1025		950
134 AVENUE KPN	S/O KEY PENINSULA HWY	1275		1300		1300
134 AVENUE KPN	S/O SR 302	975		925		1000
134 AVENUE KPN	S/O CREVISTON DR KPN	1150		1200		1250
136 STREET E	E/O MILITARY RD E		675		950	
136 STREET E	E/O 122 AV E					
136 STREET E	W/O 122 AV E		3875		4750	
136 STREET E	E/O SR 161		6225		6000	
136 STREET E	E/O 94 AV E	8150	8100	8450		8825
136 STREET E	E/O CANYON RD E	500		400		425
136 STREET E	W/O WOODLAND AV E					
138 STREET E	W/O GOLDEN GIVEN RD E	2800		2850		2975
138 STREET S	W/O SR 7	4575		4850		3900
138 STREET S	W/O C ST S	4575		4550		3975
138 STREET S	E/O SPANAWAY LOOP RD S	3675		3825		3625
138 STREET S	W/O A ST S	4950		5100		
144 STREET E	W/O 122 AV E		3175		3175	
144 STREET E	E/O 122 AV E		2050		2225	
144 STREET E	E/O 126 AV E			1650	1625	
144 STREET E	E/O SR 161		5025		4750	
144 STREET E	E/O 94 AV E	4375		3975	4075	4575
144 STREET E	W/O 94 AV E	4525		3700	3775	4300
144 STREET E	W/O 86 AV E	3900		3650		4075
144 STREET E	E/O BINGHAM RD E	375		375375	425	
144 STREET E	E/O CANYON RD E	1100		1200		1575
144 STREET KPN	W/O WRIGHT BLISS RD	475		350		400
144 STREET NW	W/O 54 AV NW				6425	
144 STREET NW	E/O SR 302 SPUR		7450	7750	7400	7600
144 STREET NW	W/O PEACOCK HILL AV		4800		4550	
144 STREET NW	E/O PEACOCK HILL AV		2825		3075	
145 STREET E	E/O 122 AV E		1475		1075	
146 AVENUE E	N/O 224 ST E		675		750	
150 AVENUE E	N/O 204 ST E		1400		1400	
150 AV KPN	S/O SR-302275		250		250	
152 STREET E	E/O MILITARY RD E	11300	11550	11800	12875	13000
152 STREET E	W/O 22 AV E	10100	10425	9625	9775	11425
152 STREET E	W/O WALLER RD E	8625		9575		9350
152 STREET E	E/O WALLER RD E	7200		8500		7425
152 STREET E	W/O BROOKDALE RD E	8025	8300	7650	7550	7400
152 STREET E	W/O CANYON RD E	1275		975		825
152 STREET E	E/O CANYON RD E	1675		2075		1800
152 STREET E	E/O 66 AV E			1425		1100
152 STREET E	W/O 86 AV E	6225		5975		6850
152 STREET E	E/O 94 AV E	10875		10125		10325
152 STREET E	W/O 94 AV E	5625		5525		5600
152 STREET E	E/O SR 161		7500		7275	
152 STREET E	E/O 110 AV E		7600		8050	
152 STREET E	W/O 121 AV CT E		6600		7275	
158 AVENUE E	S/O 264 ST E		775		625	
158 AVENUE KPS	S/O DELANO RD KPS	350		350		400
159 STREET E	W/O B ST E	8300		7675		8125
159 STREET E	E/O B ST E	6400		6800		6125
160 STREET E	E/O CANYON RD E	13150	14425	14925	13275	14250
160 STREET E	W/O WOODLAND AV E	13525	14675	15650	12700	13675
160 STREET E	W/O 74 AV E	13650	15925	16025	14550	15350
160 STREET E	W/O 78 AV E	12650	14475	15225	14325	13800
160 STREET E	W/O GEM HEIGHTS DR E	13625	15025	15600	14825	14550
160 STREET E	W/O SR 161	12225		12400		12050
160 STREET E	W/O 110 AV E		3500		4250	
160 STREET S	E/O PARK AV S	725575	450400	375		
166 AVENUE E	S/O FOREST CANYON		1700		1875	
166 AVENUE E	N/O 66 ST E					
166 AVENUE E	E/O B ST E	6350		5825		8175
166 AVENUE E	W/O 22 AV E	3075		3125		3150
166 AVENUE E	W/O GEM HEIGHTS DR E	2150		1975		2075
166 AVENUE E	E/O GEM HEIGHTS DR E	4750		4475	4275	4825
172 STREET E	W/O 22 AV E	1325		1475		1600
174 STREET S	W/O SR 7	3100	2050	2250	2275	2375
174 STREET S	W/O PARK AV S	3350		2300	2600	2400
176 STREET E	W/O B ST E	19075	19050		17450	
176 STREET E	E/O B ST E	16725	16925		15775	
176 STREET E	W/O 13 AV CT E	15250	15675			
176 STREET E	W/O 22 AV E	14100	14450			12075
176 STREET E	E/O 22 AV E	16150	16125			14775
176 STREET E	E/O WALLER RD E	16200	17350		14150	
176 STREET E	W/O 38 AV E	16175	17575		15050	17800
176 STREET E	E/O 38 AV E	15175	15425		13350	
176 STREET E	W/O CANYON RD E	15375	15750			15850
176 STREET E	E/O CANYON RD E	21075			20675	24625
176 STREET E	E/O 78 AV E	21575			22300	22900
176 STREET E	W/O SR 161	23725			21100	23025
180 STREET E	E/O 40 AVE E	475		425		400
182 AVENUE E	N/O 9 ST E		8875		7625	
182 AVENUE E	S/O 9 ST E		4675		4750	
184 STREET E	W/O CANYON RD E	1100		725		800
184 STREET E	E/O 122 AV E				3775	
186 AVENUE KPN	S/O HERRON RD KPN	175		175		200
187 STREET E	W/O SR-161	5625		6275		6575
187 STREET E	E/O SR-161	2825	3125		4375	
190 AVENUE E	SW/O SO TAPPS DR		1850		1600	
190 AVENUE E	N/O EDWARDS RD E		1225		1225	
190 AVENUE E	N/O 9 ST E		1225		1175	
192 STREET E	E/O B ST E	6100			4450	5450
192 STREET E	W/O 22 AV E	4700		4950		6150
192 STREET E	E/O 22 AV E	2300		3550		5275
192 STREET E	W/O 38 AV E	2250		2825		4425
192 STREET E	W/O CANYON RD E	1875		2725		2625
192 STREET E	E/O CANYON RD E					
192 STREET E	W/O 78 AV E	2100		1900		2000
192 STREET E	E/O 78 AV E	3850		4400		3800
196 STREET E	E/O CANYON RD E					
196 STREET E	S/O 120 ST E		2725	2400	2500	3050
196 STREET E	S/O CASCADIA BLVD E					
199 AV CT E	S/O 104 ST E		1050		2500	
200 STREET E	W/O ORTING-KAPOWSIN HWY	6075	4775		4875	
200 STREET E	W/0 46 AVE E	4050		4400		4825
200 STREET E	W/O CANYON RD E	9350		10025		10050
200 STREET E	E/O 8 AV E	4125		3475		3850
204 STREET E	E/O EUSTIS HUNT ST	6075		5625		5650
204 STREET E	W/O EUSTIS HUNT ST	7800		7900		8325
204 STREET E	W/O SR 161	3500		3675		4025
204 STREET E	E/O SR-7	1400		1750		1575
208 STREET E	E/O 42 AV E	4200		4900		4425
208 STREET E	W/O 66 AV E	1925		2025	1975	1750
208 STREET E	E/O 22 AV E	5425		7125		5575
208 STREET E	W/O 22 AV E	3800		4700		4400
208 STREET E	W/O 8 AV E	1625		2100		2125
214 AVENUE E	S/O 34 ST E	8550	8400	8350	8050	
214 AVENUE E	N/O CONNELS PRAIRIE RD E		8800		8550	
214 AVENUE E	N/O SUMNER-BUCKLEY HY		12075		10925	
214 AVENUE E	S/O SUMNER-BUCKLEY HY		9775		8325	
214 AVENUE E	S/O 96 ST E		10125		9950	
214 AVENUE E	N/O SOUTH PRAIRIE RD E	13050	14325	12950	12900	
214 AVENUE E	N/O 112 ST E	15200	16425	15400	15025	15075
214 AVENUE E	N/O 120 ST E	12750	13175	13525	12550	
214 AVENUE E	S/O 120 ST E		6450		6750	
214 AVENUE E	S/O 128 ST E		4050		4200	3950
218 AVENUE E	S/O 40 ST E		7375		6750	
224 STREET E	W/O 38 AV E	12700	13000	13400	12700	13450
224 STREET E	E/O 38 AV E	12100		12600		11750
224 STREET E	E/O 46 AV E	10900		10150		9000
224 STREET E	W/O 70 AV E	9475		10400		9975
224 STREET E	E/O 70 AV E	11950	11475	12150	11750	12275
224 STREET E	E/O 82 AV E	14875	15400	16175		15850
224 STREET E	W/O SR 161	15775	15500	15375		13750
224 STREET E	E/O SR 161		10025		8650	
224 STREET E	E/O 108 AV E		7950		8150	
224 STREET E	W/O ORTING-KAPOWSIN HWY		6975		6425	
224 STREET E	E/O ORTING-KAPOWSIN HWY		2375		2800	
232 STREET E	W/O 126 AV E		325		425	
232 STREET E	W/O SR 161	1450		1425		1575
234 AVENUE E	S/O SUMNER-BUCKLEY HWY		650		750	
234 AVENUE E	N/O 112 ST E		3850		3725	
240 STREET E	E/O ORTING-KAPOWSIN HWY		1200		1275	
260 STREET E	W/O SR 7	1900		2175	1775	1925
260 STREET E	E/O SR 7	5000		5425		4675
260 STREET E	W/O 70 AV E	2500		2575		2775
260 STREET E	E/O 8 AV E	1225		1300		1150
264 STREET E	W/O ORVILLE RD E		625		575	
264 STREET E	E/O ORTING-KAPOWSIN HWY		1350		1200	
264 STREET E	E/O SR 161		1900		1425	1625
264 STREET E	E/O 110 AV E					
264 STREET E	W/O ORTING-KAPOWSIN HWY		1125		900	
274 STREET E	W/O SR 161	1275		1175		1200
280 STREET E	E/O SR 161		125		150	
280 STREET S	E/O ROY CITY LIMITS	550		550		450
288 STREET E	E/O WEBSTER RD E	275		325		275
288 STREET E	W/O ORTING-KAPOWSIN HWY		300		300	
288 STREET E	E/O SR 161		825		825	
288 STREET E	W/O 8 AV E	1150		1050		1000
288 STREET S	W/O 8 AV S	1850		1900		1675
288 STREET S	E/O 56 AV S	950		950		875
288 STREET S	E/O LYONS DR S	875		875		800
288 STREET S	E/O SR 507	1975		1900		1725
296 STREET E	W/O 8 AV E	200		200		150
304 STREET E	W/O SR 161	4900		6575		4950
304 STREET E	E/O BRIDGE #5174-A	3925		3825		3700
304 STREET E	E/O SR 7	4750		6350		4650
304 STREET E	W/O SR 7	1400		1500		1525
304 STREET E	E/O 8 AV E	1350		1200		1200
304 STREET E	W/O 8 AV E	725		900		825
304 STREET S	W/O 8 AV S	350		475		350
308 STREET E	W/O WEBSTER RD E	450		525		400
320 STREET E	E/O SR 7450		500		525	
320 STREET S	W/O 72 AV S	625		675		575
320 STREET S	E/O SR 507	1025		950		900
336 STREET E	W/O KINSMAN RD E	250		250		275
336 STREET E	E/O 40 AV S	675		875		675
336 STREET E	W/O 8 AV S	625		925		625
336 STREET E	E/O SR 507	1200		1150		1075
340 STREET E	E/O SR 7450		475		425	
352 STREET E	E/O EATONVILLE CUTOFF	875		700		825
352 STREET E	W/O SR 161	825		800		900
