STREET NAME,LOCATION,"AADT 2009","AADT 2010","AADT 2011","AADT 2012","AADT 2013"
A STREET S,N/O 108 ST S,"","2,275","","2,325",""
A STREET S,S/O 112 ST E,"2,975","","2,650","","2,575"
A STREET S,S/O 121 ST S,"2,050","","2,100","","1,975"
A STREET S,N/O 131 ST S,"3,100","","2,925","","2,950"
A STREET S,N/O 133 ST E,"2,050","","2,025","",""
A STREET S,S/O 133 ST E,"1,675","","1,825","",""
A P TUBBS ROAD E,N/O LARSON-LOSS RD E,"","1,875","","1,725",""
A P TUBBS ROAD E,S/O LARSON-LOSS RD E,"","1,200","","1,200",""
AINSWORTH AVENUE S,N/O TULE LAKE RD S,"2,875","","2,475","","2,075"
"",S/O 116 ST S,"4,000","","2,575","","3,125"
"",S/O 112 ST S,"4,425","3,825","4,450","3,925","3,975"
"",N/O 112 ST S,"4,900","","4,925","","4,350"
"",N/O 108 ST S,"3,925","","3,600","","3,375"
"",S/O 96 ST S,"4,475","","3,550","","3,275"
ALDER CUTOFF ROAD E,NE/O SR 7,"2,475","","2,425","","2,675"
"",S/O MASHELL RIVER,"4,050","","2,750","4,875","2,875"
"",SE/O SCOTT TURNER RD,"2,750","","2,775","","2,875"
ALLEN ROAD S  (40 AV),S/O SR 702,"1,025","","1,125","","1,000"
"",N/O HARTS LAKE RD S,450,"",350,"",375
ANGELINE ROAD E,N/O RHODES LK RD E,"","","","",""
AQUEDUCT DR E,NW/O 128 ST E,775,"",800,"",800
"",NW/O 121 ST E,"","","","",""
ARTONDALE DRIVE NW,W/O WOLLOCHET DR NW,"","4,400","","4,075",""
"",W/O RAY NASH DR NW,"","1,200","","1,000",""
B STREET E,S/O 192 ST E,"2,950","","","2,000","2,600"
"",S/O 176 ST E,"7,650","","","6,475","7,800"
"",N/O 176 ST E,"5,150","","","4,250","4,075"
"",N/O 168 ST E,"4,825","5,175","4,200","4,700","4,350"
"",N/O 159 ST E,"3,850","","3,425","","3,425"
"",S/O 159 ST E,"4,900","4,400","3,700","4,225","4,700"
BAYVIEW ROAD KPN,E/O BLISS COCHRANE RD,275,"",275,"",250
BENSTON DR E,SE/O MILWAUKEE AV E,"","1,600","","1,225",""
BENTLEY ROAD E,NE/O 72 ST E,"","1,525","","1,400",""
BINGHAM AVENUE E,S/O 128 ST E,"1,750","","1,575","","1,625"
"",S/O 112 ST E,"2,100","2,050","1,925","1,800","1,925"
BLISS COCHRANE RD K,NS/O 100 ST KPN,100,"",75,"",75
"",SW/O SR 302,575,"",500,"",525
BROOKDALE ROAD E,W/O GOLDEN GIVEN RD E,"4,900","","4,825","","4,900"
"",W/O CANYON RD E,"9,875","10,525","10,200","10,600","10,800"
"",NW/O 152 ST E,"3,450","2,900","3,025","2,725","3,025"
"",SE/O 152 ST E,"11,550","11,250","10,925","10,475","10,375"
"",W/O WALLER RD E,"4,400","","4,550","","4,675"
"",E/O WALLER RD E,"4,250","","4,300","","4,200"
BROWNS POINT BLVD N,E/O PANORAMA DR NE,"",325,"",275,""
BUCKLEY-TAPPS HWY E,N/O SUMNER-BUCKLEY HWY,"","1,600","","1,650",""
BUJACICH ROAD NW,S/O SEHMEL DR NW,"","3,475","","3,100",""
BURNHAM DRIVE NW,E/O SEHMEL DR NW,"","","","",""
"",N/O WOODHILL DR NW,"","","","",""
"",S/O WOODHILL DR NW,"","","","",""
C STREET S,N/O 112 ST S,"9,225","","10,850","","11,200"
"",S/O 112 ST S,"9,375","","8,900","","9,150"
"",N/O 121 ST S,"9,225","","8,650","","9,050"
"",S/O 121 ST S,"9,050","","11,425","","9,150"
"",S/O GARFIELD ST S,"8,825","","8,100","","8,175"
"",N/O TULE LK RD S,"8,125","","7,300","","7,425"
"",S/O TULE LK RD S,"9,450","","8,550","","8,100"
"",N/O 138 ST S,"8,100","","7,525","","7,350"
"",S/O 138 ST S,"7,775","7,525","7,275","6,900","7,475"
"",N/O MILITARY RD S,"7,900","","6,200","","6,525"
CANYON ROAD E,S/O PIONEER WAY,"8,450","8,075","7,800","7,775","9,475"
"",S/O 72 ST E,"13,025","13,825","13,025","12,550","13,600"
"",N/O 84 ST E,"14,250","14,050","13,050","13,200","13,650"
"",S/O 84 ST E,"14,750","15,300","14,625","15,500","15,250"
"",N/O 96 ST E,"15,525","15,525","","15,400",""
"",S/O 96 ST E,"16,450","16,850","16,375","16,975","17,000"
"",S/O 104 ST E,"21,350","19,775","18,925","20,425","19,300"
"",N/O 112 ST E,"47,700","49,050","48,200","49,675","52,600"
"",S/O 112 ST E,"43,750","44,725","43,900","46,650","47,425"
"",N/O 128 ST E,"43,525","44,425","44,050","45,450","47,475"
"",S/O 128 ST E,"40,775","45,750","41,975","42,325","47,075"
"",N/O 144 ST E,"40,000","","39,600","","43,900"
"",S/O 144 ST E,"39,175","43,075","39,925","42,375","43,350"
"",S/O 184 ST E,"","","","18,625","20,100"
"",S/O 192 ST E,"13,975","14,125","14,625","14,900","15,500"
"",N/O BROOKDALE/160 ST,"39,400","39,050","","41,675","44,175"
"",S/O BROOKDALE/160 ST,"35,525","37,550","","38,825","40,950"
"",S/O MILITARY RD E,"31,575","36,000","","34,775","40,200"
"",S/O 176 ST E,"18,450","17,050","21,600","18,500","21,200"
CANYON VIEW BLVD E,N/O CASCADIA BLVD E,"","","","",""
CANTERWOOD DR NW,N/O GIG HARBOR C/L,"","5,700","","4,600",""
CARBONADO-S PRAIRIE R,SW/O SR 165,"2,100 ","1,625 ","","1,700",""
CASCADIA BLVD E ,W/O CANYON VIEW BLVD E ,"","",225,"",""
"",W/O 198 AV E ,"","","2,175","",""
CHAMBERS CREEK RD ,"AT BRIDGE NO. 29202-A 6,800 5,575 ","","6,400 ",""
CHRISTENSEN ROAD E ,"W/O SR 7 1,100 1,100 ","","1,000 ",""
CONNELLS-PRAIRIE RD EE/O 214 AV E ,"1,200 ","1,450 ","","1,375"
CORNWALL ROAD KPN ,W/O KEY PENINSULA HWY 225 225 ,"",250 ,""
"",E/O KEY PENINSULA HWY 875 875 ,"",925 ,""
COUNTRY CLUB DR AI ,E/O ECKENSTAM JOHNSON RD 325 ,300 ,"",325
"",E/O LAKE JOSEPHINE DR AI 175 ,175 ,"",100
CRAMER RD KPN ,E/O KEY PENINSULA HWY 650 600 ,"",550 ,""
CRESCENT BEACH RD KPS/O SO VAUGHN RD ,375 375 ,"",325 ,""
CRESCENT VALLEY DR NN/O 96 ST NW ,"4,875 ","4,425 ","","4,250"
"","S/O 96 ST NW 1,575 ","1,725 ","","1,525"
"","N/O 144 ST NW 2,700 ","2,575 ","","2,250"
"","N/O DRUMMOND DR NW 1,600 ","1,575 ","","1,475"
CREVISTON DRIVE NW ,"SW/O SR 302 3,075 3,100 ","","2,825 ",""
"",E/O 134 AV KPN 575 750 ,"",625 ,""
"","E/O 118 AV NW 1,425 1,800 ","","1,675 ",""
"","W/O 118 AV NW 1,375 1,400 ","","1,250 ",""
CROMWELL DRIVE NW ,E/O 62 AV NW 275 ,400 ,425 ,325
CRYSTAL MT. BLVD E ,1.5 MI NE OF US 410 350 ,125 ,"",700
CRYSTAL RVR RANCH RDS/O SR 410 ,325 ,225 ,"",425
DANFORTH STREET NW ,"W/O SR 302 2,300 2,500 ","","1,950 ",""
DASH PT BLVD NE ,W/O 21 AV NE 350 ,300 ,"",300
DAVID DAY DRIVE NW ,"NE/O 86 AV NW 1,550 ","1,600 ","","1,600"
DEAN KREGER ROAD E ,W/O SR 7 475 475 ,"",500 ,""
DELANO ROAD KPS ,W/O 158 AV KPS 550 875 ,"",700 ,""
"",E/O 158 AV KPS 250 275 ,"",200 ,""
DRIFTWOOD DRIVE E ,"E/O SUMNER TAPPS HWY 2,575 ","2,550 ","","2,575"
DRUMMOND DRIVE NW ,"E/O CR VALLEY DR 3,175 ","3,325 ","","3,200"
EAST BAY DRIVE NW,SE/O WOLLOCHET DR NW,"","6,125","","6,025",""
EATONVILLE CUTOFF R,SE/O 352 ST E,"3,775","","3,525","","3,350"
"",SE/O JENSEN RD E,"3,400","","3,450","","3,375"
"",NW/O SR 161,"3,800","","3,700","","4,050"
EATONVILLE HWY E,W/O EATONVILLE C/L,725,"",675,"",750
ECKENSTAM-JOHNSON,N/O SANDBERG RD AI,"",500,"",425,""
"",S/O LK JOSEPHINE BV,"",675,"",525,""
"",N/O LK JOSEPHINE BV,"","1,375","","1,350",""
EDWARDS ROAD E,E/O 190 AV E,"","1,450","","1,400",""
"",N/O 210 AV E,"",650,"",650,""
EUSTIS-HUNT ROAD E,S/O 204 ST E,"5,125","","5,000","","5,625"
"",E/O SR-161,"","2,900","","2,725",""
FAIRFAX FOREST RES R,E/O SR 165,"",125,"",225,""
FALLING WATER BV E,S/O RHODES LAKE RD E,"","1,125","","1,225",""
FILLMORE DRIVE NW,E/O WOLLOCHET DR NW,"11,025","","9,875","10,025","9,500"
FORD DRIVE NW,S/O WARREN DR NW,"",325,"",350,""
FOREST CANYON ROAD,NW/O SUMNER TAPPS HWY,"","2,650","","2,700",""
"",W/O 166 AV E,"","3,600","","3,750",""
FOX DRIVE FI,E/O ISLAND BLVD FI,"","2,250","","1,950","2,025"
FOX ISLAND BRIDGE RD,AT BRIDGE,"","6,400","","6,475","6,150"
(FOX) ISLAND BLVD FI,W/O 9 AV FI,"","3,400","","3,150",""
"",N/O FOX DR FI,"","5,050","","5,350",""
FRUITLAND AVENUE E,N/O 112 ST E,"6,150","","4,975","","4,975"
GARFIELD STREET S,W/O C ST S,"1,900","","1,900","","1,625"
"",E/O C ST S,"3,475","","3,475","","3,175"
"",E/O AINSWORTH AV S,"1,575","","1,325","","1,125"
GEM HEIGHTS DRIVE E,S/O 160 ST E,"10,675","","10,700","","10,425"
"",N/O 176 ST E,"10,725","","10,225","","10,400"
"",S/O 176 ST E,"12,100","","12,375","","12,425"
GOLDEN GIVEN ROAD E,S/O BROOKDALE RD,"3,950","","3,650","","3,675"
"",N/O BROOKDALE RD,"5,525","","6,425","","5,350"
"",S/O 138 ST E,"1,700","","1,375","","1,475"
"",S/O 128 ST E,"6,500","","7,675","","6,400"
"",N/O 121 ST E,"8,125","","7,850","","8,125"
"",S/O 112 ST E,"8,450","","7,800","","8,150"
"",N/O 112 ST E,"8,575","8,075","7,325","7,500","8,175"
"",S/O 99 ST E,"","7,275","7,300","7,025",""
"",N/O 99 ST E,"","6,800","","6,975",""
"",S/O 85 ST E,"","6,275","","5,550",""
"",N/O 85 ST E,"","4,825","","4,425",""
"",S/O 72 ST E,"","5,125","","4,625",""
GOLDMAN DRIVE NW,SE/O SR 302,800,"",775,"",775
"",NW/O SR 302,"1,075","",925,"",900
GOODNOUGH DRIVE N,N/O 62 AV NW,"",375,"",425,""
"",E/O S END 302 SPUR,"",925,"",775,""
GOODRICH DRIVE NW,NE/O SR 302,600,"",550,"",500
GRIGGS ROAD E,W/O BROWNE RD E,200,"",225,"",175
"",E/O BROWNE RD E,25,"",25,"",25
GUTHRIE RD AI,E/O ECKENSTAM JOHNSON R,"",375,"",300,""
HALL ROAD KPN,W/O WRIGHT-BLISS RD,"1,225","",650,"","1,250"
HARTS LAKE ROAD S,SE/O SR 702,"1,475","","1,625","","1,750"
"",SE/O ALLEN RD S,"1,025","","1,050","",975
"",SE/O HARTS LK VALLEY RD,675,"",675,"",650
"",W/O 8 AV S,575,"",450,"",450
HARTS LAKE VALLEY R,SW/O HARTS LAKE RD S,450,"",450,"",525
HERRON ROAD KPN,W/O KEY PENINSULA HWY,"1,800","","1,575","","1,600"
"",W/O TIEDEMAN RD KPN,425,"",425,"",350
HINKLEMAN RD S,E/O 72 AV S,500,"",475,"",525
HOFF ROAD KPN,E/O KEY PENINSULA HWY,350,"",275,"",250
HUNT STREET NW,E/O 51 AV NW,"","3,025","","3,650",""
HYADA BLVD EXT NE,W/O SR 509,"",625,"",450,""
JACKSON LAKE ROAD K,SW/O LACKEY RD KPN,875,"",850,"",875
JAHN AVENUE NW,N/O 24 ST NW,"","4,000","","4,475","4,325"
"",N/O STONE DR NW,"","7,500","","7,750",""
JENSEN ROAD E,E/O EATONVILLE CUTOFF,550,"",500,"",475
"",W/O SR 161,475,"",425,"",425
"",PUBLIC WORKS - TRAFFIC SECTION,"","",""
"",TRAFFIC VOLUME REPORT,"","",""
"",AADT AADT AADT ,AADT ,AADT ,AADT 
STREET NAME ,LOCATION 2009 2010 2011 ,2012 ,2013 ,2014
KAPOWSIN HWY ,"E/O SR 161 3,675 2,625 ","","2,925 ",""
"","W/O ORTING-KAPOWSIN HWY 2,500 2,025 ","","2,250 ",""
KELLY LAKE ROAD E ,W/O 214 AV E ,"","",""
"","N/O SUMNER-BUCKLEY HWY 2,075 ","1,675 ","","1,550"
KERNAHAN ROAD E ,S/O SR 706 675 950 ,"",725 ,""
KEY PENINSULA HWY ,"S/O SR 302 9,300 8,450 ","9,050 ","8,825 ","8,650"
"","N/O OLSON DR/CRAMER RD 8,300 8,250 ","","7,450 ",""
"","S/O OLSON DR/CRAMER RD 8,750 7,375 ","","7,600 ",""
"","N/O LACKEY RD KPN 6,500 6,875 ","","6,400 ",""
"","S/O LACKEY RD KPN 6,625 6,700 ","","6,150 ",""
"","N/O HERRON RD KPN 6,500 6,475 ","","5,975 ",""
"","S/O HERRON RD KPN 5,100 5,125 ","","4,825 ",""
"","S/O CORNWALL RD KPN 4,125 3,875 ","","4,475 ",""
"","S/O WHITEMAN RD KPS 2,075 1,625 ","","1,725 ",""
"","S/O 40 ST KPS 1,275 1,025 ","","1,050 ",""
"",S/O ROUSE RD KPS 950 675 ,"",600 ,""
KINSMAN ROAD E ,S/O 336 ST E 875 775 ,"",800 ,""
KNOBLE RD E ,"NW/O 66 AV E 8,575 9,625 ","","9,325 ",""
KOPACHUCK DRIVE NW W/O RAY NASH DR NW ,"2,750 ","2,675 ","","2,625"
LACKEY ROAD KPN ,"SE/O SO VAUGHN RD 1,475 1,500 ","","1,525 ",""
"","NW/O KEY PENINSULA HWY 1,150 1,275 ","","1,225 ",""
LA-HAL-DA NE ,NW/O LE-LOU-WA PL NE 775 ,850 ,"",625
LAKE DR KPS ,"W/O WHITEMAN RD KPS 1,500 1,425 ","","1,425 ",""
LAKE JOSEPHINE BV AI ,"E/O ECKENSTAM-JOHNSON 1,325 ","1,275 ","","1,175"
"",W/O ECKENSTAM-JOHNSON 375 ,425 ,"",550
LAKEWOOD DRIVE W ,"S/O 66 ST W 24,925 22,875 ","","24,275 ",""
LAKE TAPPS PARKWAY ,W/O 182 AV E ,"","",""
LAKEWOOD DRIVE W ,N/O 66 STREET W ,"","",""
LE-LOU-WA PLACE NE ,"W/O SR 509 - S LEG 2,050 ","1,800 ","","1,650"
LOMBARD DRIVE NW ,"S/O ROSEDALE ST NW 1,250 ","1,275 ","","1,300"
LORENZ ROAD KPS ,N/O LAKEBAY DOCK RD 75 100 ,"",100 ,""
LYONS DRIVE S ,"SE/O 288 ST S 1,325 1,575 ","","1,325 ",""
MAHNCKE ROAD KPS,E/O 158 AV KPS,100,"",100,"",125
MARKHAM AVENUE NE,NW/O SR 509,"",875,"",600,775
MARYANNE DRIVE E,NE/O SO TAPPS DR E,"","2,075","","1,750",""
MATHIAS ROAD E,W/O 70 AV E,"2,575","","2,125","","2,250"
"",SW/O 240 ST E,"2,775","","3,125","","2,875"
MC CUTCHEON ROAD E,S/O 96 ST E,"","2,900","","2,675",""
"",S/O RHODES LK RD E,"","2,350","","2,300",""
MC KINLEY AVENUE E,N/O 99 ST E,"2,150","2,300","2,025","2,125",""
MYERS RD E,S/O SO TAPPS DR,"","2,700","","2,200",""
MILITARY ROAD E,W/O 152 ST E/MILITARY,"13,850","13,925","14,000","14,525","15,050"
"",S/O 152 ST E,"3,875","","3,025","","3,675"
"",W/O 22 AV E,"5,000","","4,550","","4,825"
"",E/O 22 AV E,"4,675","","4,675","","5,575"
"",W/O 36 AV E,"3,775","","3,900","","4,525"
"",E/O 36 AV E,"3,475","","3,650","","3,225"
"",E/O 38 AV E,"3,725","","4,300","","3,675"
"",W/O CANYON RD E,"4,450","","4,500","","4,075"
"",W/O SR 162 & RRXING,"","9,300","","8,275",""
"",E/O 130 AV CT E,"","11,200","","11,125",""
"",E/O SHAW RD E,"","4,025","","3,650",""
"",SW/O SHAW RD E,"","13,675","14,175","14,800",""
"",S/O RESERVOIR RD E,"","13,275","","14,800",""
MILITARY ROAD S,E/O C ST S,"15,825","","17,125","","17,350"
"",E/O SPANAWAY LOOP RD,"15,950","","13,525","14,275","14,050"
"",W/O SPANAWAY LOOP RD,"14,175","12,475","12,250","","11,975"
MILWAUKEE AVENUE E,SW/O BENSTON DR E,"","","","",""
"",N/O VALLEY AVE E,"","5,450","","4,475",""
"",S/O VALLEY AVE E,"","6,875","","6,975",""
MOLLER DRIVE NW,S/O DRUMMOND DR NW,"",550,"",450,""
"",N/O DRUMMOND DR NW,"","3,025","","2,950",""
MOWITSH DR FI,E/O 12 AV FI,675,625,575,425,475
MUNDY LOSS ROAD E,S/O 96 ST E,"","1,550","","1,300",""
"",S/O 112 ST E,"","5,875","","3,925",""
"",N/O SR 162,"","3,550","","2,875",""
NISQUALLY ROAD SW,N/O NISQUALLY RIVER,"9,550","","9,925","","9,825"
NORTH LEVEE ROAD E,E/O FREEMAN RD E,"","9,200","","7,450",""
OLSON DRIVE KPN,W/O KEY PENINSULA HWY,"2,375","","2,450","","2,325"
"",N/O 92 ST KPN,"1,500","","1,425","","1,375"
OLYMPIC DRIVE NE,SE/O SR 509,"",525,"",525,""
ORTING-KAPOWSIN HW,AT BRIDGE #31195-A,"","9,300","","9,550",""
"",N/O 200 ST E,"7,650","7,625","","6,600",""
"",S/O 224 ST E,"","4,250","","4,275",""
"",N/O 224 ST E,"","4,125","","4,075",""
"",S/O 240 ST E,"","2,350","","2,675",""
"",S/O 264 ST E,"","1,600","","1,825",""
"",N/O KAPOWSIN HWY,"1,525","","1,550","","1,350"
ORVILLE ROAD E,NW/O SR 161,875,"1,075",850,925,825
"",S/O KAPOWSIN HWY,"1,075","",775,"",775
"",E/O ORTING KAPOWSIN HWY,"1,875","","1,925","","2,025"
"",S/O 264 ST E,"","1,550","","1,425",""
"",S/O BROOKS RD E,"","2,050","","1,650",""
"",S/O SR 162,"","4,850","","4,275",""
PARK AVENUE S,S/O 96 ST S,"","2,625","","2,375",""
"",N/O 108 ST S,"","9,050","","8,825",""
"",S/O 108 ST S,"","11,650","","11,475",""
"",N/O TULE LK RD S,"1,850","","1,700","","1,775"
"",S/O GARFIELD ST S,"4,050","","2,650","","4,200"
"",N/O 121 ST S,"3,575","","2,425","","2,525"
"",S/O 121 ST S,"4,375","","2,800","","4,075"
"",S/O 112 ST S,"3,625","","2,775","","3,025"
"",N/O 112 ST S,"3,275","","2,400","","2,625"
"",S/O 160 ST S,"1,200","",300,"",600
"",N/O 174 ST S,"1,100","","1,900","",850
PATTERSON ROAD E,SE/O SR 162,"","1,950","","1,750",""
PEACOCK HILL AV NW,N/O GIG HARBOR C/L,"","6,375","","6,400",""
"",S/O 144 ST NW,"","4,150","","4,275",""
"",N/O 144 ST NW,"","2,775","","2,675",""
PIONEER WAY E,NW/O WALLER RD E,"18,725","17,400","17,275","16,575",""
"",NE/O WALLER RD E,"11,450","12,275","11,825","12,950","12,475"
"",SE/O 44 AV E,"11,750","11,125","10,525","10,000","11,425"
"",NW/O CANYON RD E,"13,500","13,750","12,250","11,975",""
"",SE/O CANYON RD E,"7,000","6,900","6,350","6,175",""
"",NW/O 72 ST E,"7,650","7,775","7,475","7,125","7,400"
"",W/O SR 162,"","6,275","5,050","5,425",""
City of Puyallup,E/O SHAW RD E,"","","","",""
POINT FOSDICK DR NW,S/O STONE DR NW,"","2,850","","2,700",""
"",N/O STONE DR NW,"","2,675","","2,475",""
"",S/O 36 ST NW,"","2,900","","3,275",""
"",S/O 104 ST E,"15,675","15,275","14,900","15,425","15,450"
"",N/O 104 ST E,"","12,350","12,600","11,675",""
"",N/O 99 ST E,"13,200","11,850","11,775","11,250","11,850"
"",S/O 85 ST E,"12,350","12,250","11,325","12,075","11,525"
"",N/O 85 ST E,"12,575","13,475","12,850","12,700",""
"",N/O 80 ST E,"13,300","14,075","13,300","13,950",""
PRAIRIE RIDGE DRIVE E,S/O 128 ST E,"","2,075","","2,125",""
"",N/O 128 ST E,"","1,875","","1,500",""
"",S/O 120 ST E,"","2,625","","2,500",""
RAY NASH DRIVE NW,NE/O ARTONDALE DR NW,"1,100","1,300","1,350","1,400","1,200"
"",SW/O ARTONDALE DR NW,"","1,725","","1,425",""
"",S/O ROSEDALE ST NW,"","3,125","","3,025",""
"",S/O KOPACHUCK DR NW,"","2,525","","2,300",""
"",E/O KOPACHUCK DR NW,"","2,900","","3,175",""
RESERVOIR ROAD E,SE/O MILITARY RD E,"","2,325","","2,550",""
"",NW/O MILITARY RD E,"","5,250","","5,400",""
REID DRIVE NW,NW/O 54 ST NW,"","4,225","","4,100",""
RHODES LAKE ROAD E,E/O MC CUTCHEON RD E,"3,700","4,550","4,375","4,200","4,925"
"",E/O ANGELINE RD E,"","3,950","","3,175",""
RICE KANDLE RD E,NW/O 260 ST E,600,"",775,"",700
RICE KANDLE RD S,E/O 8 AV S,625,"",750,"",775
RIVERSIDE DR E,N/O 96 ST E,"2,725","2,400","2,350","2,700","2,700"
ROSEDALE STREET NW,W/O RAY NASH DR NW,"","3,925","4,075","3,475","3,125"
"",E/O RAY NASH DR NW,"","3,450","","3,575",""
"",E/O 78 AV NW,"","4,075","","3,775",""
"",E/O LOMBARD DR NW,"","5,625","","5,250",""
ROUSE ROAD KPS,W/O KEY PENINSULA HWY,275,"",250,"",250
"",E/O WHITEMAN RD KPS,75,"",75,"",100
SALES ROAD S,SE/O STEELE ST S,"","6,025","","5,200",""
SCHUDY ROAD S,S/O 304 ST S,275,"",275,"",250
SEHMEL DRIVE NW,W/O BUJACICH DR NW,"","3,700","","4,275",""
"",W/O 70 AV NW,"","3,175","3,375","3,775","4,025"
"",E/O 70 AV NW,"","3,925","","3,825",""
SHERIDAN AVENUE S,N/O 116 ST S,650,"",700,"",525
"",S/O 116 ST S,675,"",625,"",625
"",S/O 122 ST E,"","10,625","12,175","12,800",""
SOUTH PRAIRIE ROAD E,NW/O 214 AV E,"","12,350","","13,325",""
"",SE/O 214 AV E,"","9,025","","8,675",""
"",SE/O 112 ST E,"","6,600","","6,375",""
"",SE/O 120 ST E,"","6,150","","6,025",""
"",SE/O 234 AV E,"","5,925","","5,875",""
SOUTH TAPPS DRIVE E,SE/O SUMNER-TAPPS,"7,400","6,500","","6,525",""
"",NW/O SUMNER-TAPPS,"2,075","2,150","","2,050",""
"",NW/O 190 AV/MARYANNE,"","3,425","","4,300",""
"",SE/O 190 AV/MARYANNE,"","2,500","","3,325",""
SOUTH VAUGHN ROAD,S/O HALL RD/OLSON DR,"1,550","","1,450","","1,450"
"",SW/O LACKEY RD,775,"",750,"",700
SPANAWAY LOOP ROAD,S/O MILITARY RD S,"23,575","24,975","24,000","23,425","25,275"
"",N/O MILITARY RD S,"25,850","26,075","26,750","25,275","27,250"
"",N/O TULE LK RD,"30,150","30,750","30,700","","30,175"
"",S/O 116 ST S,"31,300","31,700","32,500","","30,975"
"",N/O 138 ST S,"27,450","28,975","28,050","27,975","27,350"
"",N/O 174 ST S,"","","","23,450","21,400"
"",S/O 174 ST S,"19,550","21,050","20,600","20,225","19,900"
STEELE STREET S,S/O 112 ST S,"36,100","34,475","35,300","35,625","33,700"
"",N/O 112 ST S,"33,875","33,700","33,300","34,025","32,850"
"",S/O SALES RD S,"17,150","18,150","19,425","18,225","20,750"
"",S/O 102 ST S,"","16,275","","15,075",""
"",S/O 96 ST S,"","11,975","","12,500",""
STEILACOOM-DUPONT,S/O STEILACOOM C/L,"8,575","","8,250","","9,150"
"",N/O CENTER DR,"11,625","","12,400","","12,900"
"",S/O CENTER DR,"9,600","","9,275","","10,350"
STEWART AVENUE E,E/O PIONEER WAY,"","3,750","","3,325",""
"",E/O 66 AVE E,"","4,800","","4,775",""
"",E/O 76 AVE E,"","","","",""
STONE DRIVE NW,E/O PT FOSDICK DR,"","6,775","","6,975",""
"",E/O JAHN AV NW,"",875,"",950,""
"",W/O JAHN AV NW,"","6,975","","7,325",""
STRINGTOWN ROAD E,W/O EATONVILLE CUTOFF,450,"",575,"",500
"",E/O SR 7,375,"",375,"",425
SUMNER-BUCKLEY HW,W/O 192 AV E,"","","","10,325",""
"",E/O 214 AV E,"","3,250","","3,825",""
"",W/O 214 AV E,"","6,375","6,325","6,500",""
"",W/O 246 AV E,"","2,800","","3,000",""
"",NW/O MUNDY LOSS RD E,"","3,225","","3,050",""
"",E/O MUNDY LOSS RD E,"","2,250","","1,975",""
SUMNER TAPPS HWY,NE/O WTAPPS-FORCANYON,"","10,825","10,050","11,700",""
"",SW/O WTAPPS-FORCANYON,"10,975","10,950","","10,950",""
"",SW/O SO TAPPS DR E,"10,000","10,250","","10,075",""
"",S/O 16 ST E,"","13,000","10,375","11,250",""
"",N/O 16 ST E,"","7,500","","7,500",""
SUNRISE BLVD  E,E/O SR 161,"","13,250","","14,250",""
"",E/O 122 AV E,"","4,725","","4,800",""
"",W/O 122 AV E,"","11,125","","10,500",""
SUNRISE PARKWAY E,E/O 122 AV E,"","4,950","","4,975","5,150"
TACOMA MALL BLVD,N/O 84 ST S,"13,800","","14,550","","14,325"
THOMAS ROAD KPN,E/O CRAMER RD KPN,225,"",250,"",300
TIEDEMAN ROAD KPN,S/O HERRON RD KPN,"1,250","","1,275","","1,225"
TISCH ROAD S,E/O 72 AV S,400,"",450,"",425
TULE LAKE ROAD E,E/O A ST S,"","","","",""
TULE LAKE ROAD S,W/O A ST S,"2,300","","2,250","","2,275"
"",W/O C ST S,"5,125","","5,375","","5,050"
"",E/O C ST S,"5,250","","3,975","","4,250"
"",E/O AINSWORTH AV E,"5,725","","5,100","","5,250"
"",E/O SPANAWAY LP RD S,"4,925","4,675","5,025","","4,200"
VALLEY AVENUE E,SE/O FREEMAN RD E,"15,075","16,300","15,625","16,025","16,450"
"",W/O MILWAUKEE AV E,"8,400","7,700","7,150","9,125","8,875"
"",E/O MILWAUKEE AV E,"","6,025","6,650","6,300","6,475"
VICKERY AVENUE E,S/O 72 ST E,"1,100","1,050","1,200",900,""
"",N/O 72 ST E,"1,500","1,650","1,475","1,325",""
"",N/O 96 ST E,"","1,750","","1,225",""
"",S/O 96 ST E,"","1,575","","1,275",""
"",N/O 112 ST E,"2,225","","1,950","","1,875"
"",S/O 112 ST E,"1,975","","1,700","","2,000"
VILLA BEACH RD AI,S/O YOMAN RD AI,"",150,"",125,""
WALLER ROAD E,S/O PIONEER WAY,"","6,850","","6,000",""
"",N/O 72 ST E,"","7,750","","7,600",""
"",S/O 72 ST E,"","8,200","","8,850",""
"",S/O 80 ST E,"","8,100","","7,550",""
"",N/O 96 ST E,"","8,600","","7,925",""
"",S/O 96 ST E,"","8,225","","7,450",""
"",N/O 112 ST E,"7,775","","8,025","","8,425"
"",S/O 112 ST E,"8,350","","8,475","","8,500"
"",N/O 128 ST E,"7,750","","8,075","","8,225"
"",N/O BROOKDALE RD E,"6,800","6,150","6,375","7,625","6,625"
"",S/O BROOKDALE RD E,"5,875","","6,550","","7,100"
"",S/O 152 ST E,"5,125","","6,275","","6,000"
"",S/O MILITARY RD E,"2,800","","2,625","","4,050"
WARREN DRIVE NW,W/O FOX ISLAND BRIDGE,"1,350","1,550","","1,250",""
"",S/O 36 ST NW,"","1,100","","1,325",""
WEBSTER ROAD E,NW/O BARNEY LARSON RD,475,"",475,"",400
"",S/O 304 ST E,"1,225","","1,125","","1,100"
"",N/O 304 ST E,775,"",775,"",600
WEST TAPPS DRIVE E,SE/O SUMNER TAPPS HWY,"4,800","4,675","4,925","4,600",""
"",N/O CHURCH LAKE RD E,"","","","",""
WEST VALLEY HWY E,N/O JOVITA BLVD,"","","","",""
"",S/O JOVITA BLVD,"4,275","5,225","4,850","5,025",""
WHEELER STREET S,E/O AINSWORTH AV S,500,"",625,"",600
WHITEMAN ROAD KPS,W/O KEY PENINSULA HY,"2,025","","1,950","","2,025"
"",N/O ROUSE RD KPS,350,"",350,"",350
WHITMORE DRIVE NW,E/O RAY NASH DR NW,"","1,975","","1,725",""
"",SE/O 68 ST NW,"","3,000","","2,750",""
WOLLOCHET DRIVE NW,SE/O 40 ST NW,"","","","3,300",""
"",N/O 40 ST NW,"17,975","18,425","","",""
"",NE/O ARTONDALE DR NW,"22,000","22,675","","",""
"",SW/O FILLMORE DR NW,"17,600","18,125","","","16,700"
"",NE/O FILLMORE DR NW,"","","","","6,050"
"",SW/O HUNT ST NW,"8,100","6,625","7,925","7,575","7,950"
WOODLAND AVENUE E,S/O 72 ST E/PIONEER,"3,300","3,400","3,550","3,125",""
"",S/O 84 ST E,"","4,300","","4,200",""
"",S/O 96 ST E,"","5,050","","5,000",""
"",N/O 112 ST E,"6,150","","6,125","","6,875"
"",S/O 112 ST E,"7,300","","7,300","","7,650"
"",S/O 128 ST E,"6,350","5,725","7,100","","7,975"
"",N/O 152 ST E,"3,650","","3,900","","4,025"
"",N/O 160 ST E,"3,325","3,475","3,575","3,875","4,050"
WRIGHT ROAD E,SW/O 208 ST E,"3,875","","3,825","","3,675"
WRIGHT-BLISS ROAD K,N /O SR 302,"2,225","","2,275","","2,375"
"",S/O SR 302,"2,375","","2,575","","2,425"
YAKIMA AVENUE S,S/O 96 ST S,"","6,825","","6,050",""
"",N/O 116 ST S,425,"",425,"",400
"",N/O TULE LAKE RD S,700,"",650,"",650
YOMAN ROAD AI,E/O ECKENSTAM-JOHNSON,"",325,"",400,""
"",W/O W E LARSON RD AI,"",850,"",850,""
5 AVENUE E,N/O 176 ST E,"","","",400,625
6 AVENUE E,N/O 128 ST E,"","","","",""
"",N/O 127 ST E,475,"",475,475,450
7 STREET NE,SE/O 62 AV NE,"","1,275","","1,050",""
8 AVENUE E,S/O SR 7,"5,125","","5,725","","5,575"
"",N/O SR-7,"6,800","","5,800","","6,700"
"",N/O 128 ST E,"","","",425,375
"",S/O 208 ST E,"3,675","","3,100","","2,750"
"",N/O 288 ST E,"3,000","","2,875","","2,775"
"",S/O 288 ST E,"2,200","","2,225","","2,000"
"",N/O 304 ST E,"1,725","","1,575","","1,525"
"",S/O 304 ST E,"1,350","","1,150","","1,125"
8 AVENUE S,S/O SR 702,975,"",850,"","1,025"
"",S/O 336 ST S,"2,150","","2,000","","1,975"
"",S/O 304 ST S,"2,800","","3,150","","2,625"
"",S/O 288 ST S,"2,850","","3,375","","2,700"
"",S/O RICE KANDLE RD S,"3,625","","3,275","","3,150"
"",S/O SR 507,"3,075","","2,875","","2,800"
9 AVENUE FI,N/O ISLAND BLVD FL,"","","",300,400
"",N/O GWAY DR FI,"","","",725,675
9 STREET E,E/O 182 AV E,"","11,450","","11,725",""
"",E/O 190 AV E,"","10,425","9,950","10,125",""
10 AVENUE S,S/O TULE LK RD S,"2,375","","2,825","","2,050"
10 STREET E,W/O 68 AV E,"","2,950","","2,825",""
12 STREET E,E/O 62 AV E,"","3,175","","3,225",""
"",E/O 198 AV E,"","10,600","","10,050",""
14 AVENUE E,S/O 176 ST E,"4,525","","","","4,725"
14 AVENUE NW,N/O 24 ST NW,"","3,300","","4,275",""
"",N/O CRESCENT LK DR,"",675,"",600,""
16 AVENUE S,N/O 336 ST S,175,"",225,"",175
18 AVENUE E,N/O 112 ST E,"1,700","","1,600","","2,125"
21 AVENUE NE,S/O SR 509,"","1,750","","1,475",""
"",S/O DOGWOOD ST NE,"","1,600","","1,225",""
22 AVENUE E,S/O 152 ST E,"5,275","","5,775","","5,275"
"",S/O MILITARY RD E,"8,150","","8,425","","8,700"
"",N/O 176 ST E,"6,950","","7,025","","5,775"
"",S/O 176 ST E,"9,375","","8,775","","8,975"
"",N/O 208 ST E,"5,050","","5,125","","4,800"
"",S/O 208 ST E,"3,950","","4,175","","3,975"
22 AV NW,S/O 36 ST NW,"","3,925","","3,550",""
24 AVENUE E,S/O 80 ST E,"",350,"",275,325
"",S/O 84 ST E,"",525,"",475,""
"",N/O 96 ST E,850,825,725,650,""
"",N/O 99 ST E,"1,000","1,200",975,900,925
"",N/O 104 ST E,"",825,"",700,""
"",S/O 112 ST E,"1,650","","1,450","","1,175"
24 AVENUE S,S/O 288 ST S,325,"",375,"",525
24 STREET KPS,E/O 158 AV KPS,275,"",275,"",275
26 AVENUE NW,S/O STONE RD NW,"","1,025","","1,050",""
26 AVENUE S,S/O 96 ST S,"","4,825","","4,800",""
32 STREET NW,W/O 70 AV NW,"","7,900","","7,225",""
"",E/O 70 AV NW,"","1,400","","1,475",""
34 AVENUE E,S/O 112 ST E,350,"",300,"",325
34 AVENUE NW,N/O STONE DR NW,"","5,925","","6,100",""
36 AVENUE E,S/O MILITARY RD E,"1,675","","2,050","","2,100"
36 STREET NW,W/O RAY NASH DR NW,"","1,700","","1,800",""
"",W/O 22 AV NW,"","4,200","","3,850",""
"",W/O WARREN/92 AV NW,"","2,625","","3,025",""
"",E/O PT FOSDICK DR NW,"","","","",""
38 AVENUE E,S/O 176 ST E,"5,225","","5,400","","6,750"
"",S/O 192 ST E (E INT),"3,875","3,875","3,375","","3,425"
"",N/O 224 ST E,"3,725","","3,975","","2,400"
"",N/O 152 ST E,"","","","1,175","1,075"
"",S/O 152 ST E,"2,425","","2,475","","2,125"
40 AVENUE S,S/O 288 ST S,725,"",575,"",675
"",N/O 336 ST S,525,"",450,"",600
"",PUBLIC WORKS - TRAFFIC SECTION,"","",""
"",TRAFFIC VOLUME REPORT,"","",""
"",AADT AADT AADT ,AADT ,AADT ,AADT 
STREET NAME ,LOCATION 2009 2010 2011 ,2012 ,2013 ,2014
40 STREET E ,"E/O 218 AV E 1,350 ","1,250 ","","1,125"
40 STREET KPS ,E/O KEY PENINSULA HWY 175 200 ,"",225 ,""
40 STREET NW ,"W/O 70 AV NW 5,025 4,950 4,800 ","4,675 ","4,875 ","5,025"
"","W/O WOLLOCHET DR NW 14,650 ","","13,750 ","14,325"
42 AVENUE E ,"S/O 200 ST E 2,950 2,675 ","","2,800 ",""
44 AVENUE E ,"N/O 72 ST E 1,825 ","1,950 ","","1,825"
"","S/O PIONEER WY 1,450 ","1,375 ","","1,450"
46 AVENUE E ,"S/O 224 ST E 4,525 4,975 ","","5,050 ",""
"","N/O 224 ST E 5,450 6,100 ","","6,175 ",""
"","N/O 208 ST E 6,050 6,675 ","","7,600 ",""
"",S/O 208 ST E ,"","",""
48 AVENUE S ,S/O 288 ST S 175 225 ,"",250 ,""
"",N/O 336 ST S 175 175 ,"",125 ,""
48 STREET E ,E/O WALLER RD E 950 ,975 ,"",875
50 AVENUE E ,"N/O 72 ST E 1,525 ","1,500 ","","1,500"
"",S/O 72 ST E 700 ,650 ,"",625
"",N/O 84 ST E 375 ,350 ,"",300
"",N/O 192 ST E 450 625 ,"",725 ,""
52 STREET E ,"W/O 66 AV E 4,000 3,550 ","3,350 ","3,925 ","3,825"
54 AVENUE E ,"N/O 260 ST E 1,300 1,275 ","","1,375 ",""
54 AVENUE NW ,"S/O 143 ST CT NW 2,975 ","3,225 ","","3,450"
56 AVENUE S ,S/O 336 ST S 525 525 ,"",500 ,""
"",N/O 288 ST S 350 375 ,"",375 ,""
56 STREET E ,E/O 44 AV E 525 ,450 ,"",475
56 STREET NW ,"W/O 38 AV NW 11,725 10,950 10,300 ","10,125 ","10,100 ","10,875"
58 AVENUE E ,N/O 224 ST E 550 550 ,"",450 ,""
60 STREET KPS ,E/O KEY PENINSULA HWY 100 125 ,"",75 ,""
62 AVENUE E ,"S/O 112 ST E 2,225 2,025 ","","2,025 ",""
"",S/O 128 ST E 425 ,"",450 ,""
62 AVENUE NE ,S/O 7 ST NE 375 ,350 ,"",450
"","N/O 7 ST NE 1,575 ","1,175 ","","1,250"
62 AVENUE NW,S/O 144 ST NW,"","","","2,900",""
"",S/O 160 ST NW,"","1,325","","1,375",""
64 STREET E,W/O 218 AV E,"","2,750","","2,700",""
"",E/O WALLER RD E,750,825,850,775,""
"",W/O WALLER RD E,"","2,425","","2,550",""
64 STREET NW,E/O SOUNDVIEW DR NW,"","1,925","","1,500","1,775"
66 AVENUE E,N/O STEWART AV E,"","5,225","","5,775",""
"",S/O SR 167,"","7,925","","7,525",""
"",S/O NO LEVEE RD,"","10,425","","","10,450"
"",S/O 204 ST E,"3,275","","3,400","","3,325"
"",N/O 160 ST E,"1,175","","1,300","","1,225"
"",S/O 144 ST E,700,"",825,"",750
66 AVENUE NW,N/O 154 ST NW,"","3,925","","3,575",""
66 STREET W,E/O LAKEWOOD DR W,"","","","",""
68 AVENUE E,S/O 10 ST E,"","2,300","","2,375",""
68 STREET NW,E/O WHITMORE DR NW,"","1,350","","1,100",""
70 AVENUE E,S/O SR 99,"","13,600","","14,100",""
"",S/O 224 ST E,"7,675","","6,800","","6,500"
"",S/O MATHIAS RD E,"5,200","","4,850","","4,600"
"",S/O 260 ST E,"1,625","","1,775","","1,650"
70 AVENUE NW,N/O 32 ST NW,"","8,025","","8,325",""
"",S/O 40 ST NW,"","9,050","","8,250",""
"",N/O 40 ST NW,"","1,075","","1,700",""
"",N/O Sehmel DR NW,"",350,"",350,""
72 AVENUE S,S/O 320 ST S,525,"",500,"",475
"",N/O TISCH RD S,775,"",925,"",""
72 STREET E,W/O WALLER RD E,"10,575","10,450","10,750","11,750","10,650"
"",E/O WALLER RD E,"9,625","9,775","9,150","9,525","10,025"
"",E/O VICKERY AV E,"","10,400","","10,700",""
"",W/O CANYON RD E,"11,175","11,150","10,850","10,525","10,425"
"",E/O CANYON RD E,"","7,425","","7,850",""
"",W/O PIONEER WAY E,"6,300","6,075","6,375","6,000","6,300"
74 AV E,N/O 160 ST E,"2,375","","2,100","","2,025"
74 STREET E,E/O SR 162,"","1,800","","1,550",""
76 AVENUE E,S/O SR 167,"","1,050","","1,125",""
76 STREET KPS,E/O KEY PENINSULA HWY,50,"",50,"",50
78 AVENUE E,S/O 112 ST E,"2,325","","1,750","","1,550"
"",N/O 160 ST E,"3,550","","3,875","","4,650"
"",S/O 160 ST E,"","",500,"",900
"",S/O 192 ST E,"","","7,025","","7,175"
"",N/O 352 ST E,225,"",225,"",250
"",S/O 176 ST E,"11,650","","9,375","10,625","10,350"
78 AVENUE NW,S/O ROSEDALE ST NW,"",950,"","1,125",""
"",S/O SEHMEL DR NW,"","","","3,450","2,475"
78 ST E,W/O 166 AV E,"","","","","2,575"
80 STREET E,E/O GOLDEN GIVEN RD,"1,025",950,875,900,""
"",E/O PORTLAND AV E,"","1,675","","1,250",""
"",W/O WALLER RD E,900,875,875,725,""
"",E/O WALLER RD E,600,650,625,575,""
"",W/O CANYON RD E,"",825,"",700,""
"",W/O SR 162,"","2,325","","1,700",""
82 AVENUE E,N/O 224 ST E,"4,550","","4,600","","4,725"
84 STREET E,W/O WALLER RD E,"2,625","2,350","2,350","2,025",""
"",E/O WALLER RD E,"1,975","2,000","","1,625",""
"",W/O CANYON RD E,"2,350","2,125","2,275","2,125","1,975"
"",E/O CANYON RD E,"","3,300","","2,950",""
"",E/O WOODLAND AV E,"","","","2,800",""
85 STREET E,W/O GOLDEN GIVEN RD,"","4,075","","4,575",""
"",W/O PORTLAND AV E,"","4,375","","4,550",""
"",E/O PORTLAND AV E,"","3,950","","3,600",""
86 AVENUE E,S/O 112 ST E,"9,150","","7,075","","7,750"
"",S/O 128 ST E,"10,725","","10,125","","9,450"
"",N/O 152 ST E,"6,350","","5,650","","6,400"
"",S/O 160 ST E,"1,750","","1,675","","1,675"
"",N/O 192 ST E,"4,575","","5,075","6,075","4,550"
"",S/O 192 ST E,"2,650","","2,650","2,925","2,750"
"",N/O WEBSTER RD/280 ST,900,"",875,"",850
"",S/O 224 ST E,"2,100","","2,300","","3,100"
86 AVENUE NW,S/O 96 ST NW,"",900,"1,175",925,"1,000"
"",N/O ROSEDALE ST NW,"","","2,725","2,875","3,050"
90 ST E,E/O CANYON RD E,"1,225","1,325","","1,325",""
92 AVENUE NW,N/O 36 ST NW,"2,575","2,250","2,025","1,850","2,100"
92 AVENUE E,N/O 224 ST E,"2,075","","2,075","","2,025"
94 AVENUE E,N/O 118 ST E,"18,175","","23,275","23,600","23,100"
"",N/O 122 ST E,"17,275","","20,200","","19,725"
"",N/O 128 ST E,"16,125","16,575","20,750","20,900","21,250"
"",S/O 128 ST E,"17,725","16,950","19,475","19,300","22,200"
"",S/O 136 ST E,"11,975","11,725","12,325","12,325","12,975"
"",S/O 144 ST E,"9,175","","9,050","9,475","9,450"
94 AVENUE NW,N/O 146 ST NW,"2,525","","2,200","","2,600"
"",S/O 134 ST CT NW,"1,325","","1,200","","1,275"
96 STREET E,W/O GOLDEN GIVEN,"","3,450","","2,950",""
"",W/O WALLER RD E,"1,100","1,250","1,075","1,000",975
"",E/O WALLER RD E,"1,375","1,125","1,150","1,150","1,075"
"",W/O CANYON RD E,"1,675","1,425","1,600","1,275","1,275"
"",E/O CANYON RD E,"","1,225","","1,150",""
"",E/O WOODLAND AV E,"","1,025","",925,""
"",E/O SR 162,"","3,150","","2,850",""
"",E/O 214 AV E,"","1,025","","1,000",""
96 STREET NW,W/O CRESCENT VALLEY DR,"","6,800","","5,850",""
"",W/O CHAPMAN RD NW,"","",925,975,950
96 STREET S,E/O 26 AV S,"","15,400","","14,150",""
97 STREET E,E/O PORTLAND AV E,"",850,"",750,""
"",W/O PORTLAND AV E,"1,000","1,125","1,100",950,925
"",SE/O GOLDEN GIVEN RD E,900,"1,025",975,775,725
99 STREET E,E/O A STREET,"","4,550","","3,875",""
"",W/O GOLDEN GIVEN RD,"","4,075","","3,150",""
"",W/O PORTLAND AV E,"","3,500","","2,950",""
"",E/O PORTLAND AV E,"","1,025","",950,""
100 STREET KPN,W/O BLISS-COCHRANE,150,"",175,"",125
"",E/O BLISS-COCHRANE,150,"",150,"",150
102 STREET S,W/O STEELE ST S,"","5,775","","5,125",""
"",E/O STEELE ST S,"","1,325","","1,175",""
"",E/O AINSWORTH AV S,"","1,250","","1,075",""
104 STREET E,W/O GOLDEN GIVEN RD,"",925,"","1,050",""
"",E/O GOLDEN GIVEN RD,"","2,550","","2,775",""
"",W/O PORTLAND AV E,"","3,750","","3,525",""
"",E/O PORTLAND AV E,"","4,350","","4,575",""
"",W/O WALLER RD E,"","3,425","","3,475",""
"",E/O WALLER RD E,"","3,325","","3,100",""
"",W/O CANYON RD E,"4,225","4,025","3,725","3,675",""
"",E/O CANYON RD E,"","6,575","","5,225",""
"",E/O WOODLAND AV E,"","6,175","","6,125",""
108 AVENUE E,S/O 224 ST E,"",900,"",925,""
108 STREET AI,W/O ECKENSTAM-JOHNSON,"","","","",""
108 STREET S,E/O AINSWORTH AV S,"","3,225","","2,700",""
"",W/O PARK AV S,"","3,600","","3,675",""
"",E/O PARK AV S,"","5,800","","5,625",""
110 AVENUE E,S/O 116 ST E,"","10,950","","10,100",""
"",N/O 122 ST E,"","10,725","","9,700",""
"",S/O 152 ST E,"","4,675","","5,400","5,700"
"",N/O 264 ST E,"",425,"",475,""
"",S/O 264 ST E,"",225,"",175,""
111 AVENUE E,S/O 122 ST E,"","7,275","","6,475",""
112 STREET E,E/O A ST S,"15,500","15,050","14,075","14,275","13,825"
"",W/O A ST E,"15,275","","13,775","13,625","13,650"
"",W/O GOLDEN GIVEN RD,"12,800","","12,600","","12,325"
"",E/O GOLDEN GIVEN RD,"12,800","","12,650","","13,325"
"",W/O PORTLAND AV E,"13,925","","12,875","","13,950"
"",E/O PORTLAND AV E,"14,375","","14,075","","15,150"
"",W/O WALLER RD E,"12,900","","12,125","","12,425"
"",E/O WALLER RD E,"13,800","12,875","12,200","11,550","12,725"
"",W/O VICKERY AV E,"12,050","","11,950","","12,650"
"",W/O BINGHAM AV E,"12,200","12,625","12,000","11,825","12,300"
"",W/O CANYON RD E,"13,475","13,725","12,275","11,550","14,000"
"",E/O CANYON RD E,"17,550","16,825","15,575","15,900","17,475"
"",W/O WOODLAND AV E,"14,700","13,125","12,625","12,425","12,825"
"",W/O FRUITLAND AV E,"12,225","","11,025","","13,825"
"",E/O FRUITLAND AV E,"14,375","","12,825","","14,050"
"",E/O 78 AV E,"13,525","13,775","","11,975","14,450"
"",W/O 214 AV E,"","2,325","","2,325",""
"",E/O 214 AV E,"",500,"",525,""
"",W/O 234 AV E,"","2,700","","2,125",""
"",E/O 234 AV E,"","3,350","","3,325",""
"",W/O MUNDY LOSS RD E,"","2,675","","2,400",""
112 STREET S,W/O C ST S,"","","7,875","","8,075"
"",E/O C ST S,"","","9,900","","10,750"
"",E/O STEELE ST S,"9,375","8,450","7,950","8,525","7,925"
"",E/O AINSWORTH AV S,"8,650","","8,150","","8,500"
"",W/O PARK AV S,"8,550","","8,550","","9,550"
"","","11,175","","","",""
116 STREET E,W/O CANYON RD E,"","",725,"",575
116 STREET S,W/O SPANAWAY LOOP RD,"32,500","32,525","33,275","31,800","34,125"
"",E/O SPANAWAY LOOP RD,"1,200","","1,325","","1,200"
"",E/O AINSWORTH AV S,"1,850","1,825","1,725","1,700","1,650"
"",W/O AINSWORTH AV S,"1,325","","1,325","","1,175"
"",W/O C ST S,875,"","1,025","",875
"",W/O SR 7,525,"",625,"",500
118 AVENUE E,N/O 264 ST E,"",200,"",175,""
118 AVENUE NW,SW/O SR 302,525,"",775,"",600
"",N/O SR 302,"1,800","","1,875","","1,650"
118 STREET E,W/O SR 161,"1,950","","2,075","2,275","1,925"
"",E/O 94 AV E,"2,825","","2,950","2,900","2,800"
120 STREET E,W/O WALLER RD E,700,500,650,625,625
"",E/O WALLER RD E,475,"",425,"",400
"",W/O 214 AV E,"","6,950","","6,150",""
"",E/O 214 AV E,"","2,375","","2,225",""
"",E/O PRAIRIE RIDGE RD,"","2,075","","1,850",""
121 STREET E,E/O A ST S,"2,525","","2,475","","2,600"
"",W/O GOLDEN GIVEN RD E,"2,225","","1,875","","1,950"
"",E/O GOLDEN GIVEN RD E,850,800,675,775,725
121 STREET S,W/O PARK AV S,"2,925","","1,625","","1,775"
"",E/O PARK AV S,"2,400","","1,625","","1,875"
"",E/O C ST S,"3,950","","2,850","","2,775"
"",W/O A ST S,"3,150","","3,700","","2,925"
122 AVENUE E,S/O 136 ST E,"","12,375","12,725","12,450",""
"",S/O 144 ST E,"","13,525","13,575","13,975",""
"",N/O 152 ST E,"","14,325","13,850","14,125",""
"",N/O SUNRISE BV E,"","8,150","","8,675",""
"",S/O SUNRISE BV E,"","5,025","","5,225",""
"",S/O SUNRISE PARKWAY E,"","9,100","8,225","8,825","9,075"
"",S/O 152 ST E,"","13,900","13,600","13,675","13,875"
"",S/O 184 ST E,"","","",350,""
122 STREET E,E/O 111 AV E,"","7,275","","6,925",""
"",W/O SHAW RD E,"","5,350","","5,350",""
"",E/O SHAW RD E,"","7,875","","7,000",""
125 ST S,E/O C ST S,"1,000","",825,"","1,025"
"",W/O C ST S,"1,050","","1,075","",875
"",E/O YAKIMA AV S,"","","2,200","","2,350"
126 AVENUE E,S/O 136 ST E,"","2,450","","3,025",""
"",S/O 144 ST E,"","","1,525","1,525",""
"",S/O 224 ST E,"",750,"",850,""
126 AVENUE KPN,S/O CREVISTON DR KPN,975,"",900,"",925
127 STREET E,E/O A ST S,800,"",800,"",600
128 STREET E,E/O 6 AV E,"2,575","2,775","2,600","2,475","2,475"
"",E/O GOLDEN GIVEN RD,"2,350","","2,350","","2,425"
"",W/O WALLER RD E,"2,700","","3,025","","3,200"
"",E/O WALLER RD E,"4,350","5,075","4,575","4,925","5,000"
"",W/O CANYON RD E,"4,600","","5,200","","5,325"
"",E/O CANYON RD E,"6,450","","7,750","","7,775"
"",W/O WOODLAND AV E,"7,100","","8,375","","7,875"
"",E/O WOODLAND AV E,"8,325","","9,025","","9,225"
"",W/O 86 AV E,"8,850","8,700","11,300","9,800","10,375"
"",W/O 94 AV E,"9,925","","12,075","","12,350"
"",E/O 94 AVE E,"9,600","","10,250","","10,225"
"",E/O SR 161,"","8,700","","8,425",""
"",E/O SR 162,"","3,600","","3,250",""
129 STREET E,W/O A ST S,"1,875","","2,700","","1,875"
"",E/O A ST S,"2,425","","2,100","","2,200"
131 STREET S,W/O A ST S,"3,575","","3,050","","3,200"
"",E/O A ST S,"5,075","","4,750","",""
133 STREET E,E/O A ST S,"1,125","",725,"",700
"",W/O A ST S,"1,225","","1,025","",950
134 AVENUE KPN,S/O KEY PENINSULA HWY,"1,275","","1,300","","1,300"
"",S/O SR 302,975,"",925,"","1,000"
"",S/O CREVISTON DR KPN,"1,150","","1,200","","1,250"
136 STREET E,E/O MILITARY RD E,"",675,"",950,""
"",E/O 122 AV E,"","","","",""
"",W/O 122 AV E,"","3,875","","4,750",""
"",E/O SR 161,"","6,225","","6,000",""
"",E/O 94 AV E,"8,150","8,100","8,450","","8,825"
"",E/O CANYON RD E,500,"",400,"",425
"",W/O WOODLAND AV E,"","","","",""
138 STREET E,W/O GOLDEN GIVEN RD E,"2,800","","2,850","","2,975"
138 STREET S,W/O SR 7,"4,575","","4,850","","3,900"
"",W/O C ST S,"4,575","","4,550","","3,975"
"",E/O SPANAWAY LOOP RD S,"3,675","","3,825","","3,625"
"",W/O A ST S,"4,950","","5,100","",""
144 STREET E,W/O 122 AV E,"","3,175","","3,175",""
"",E/O 122 AV E,"","2,050","","2,225",""
"",E/O 126 AV E,"","","1,650","1,625",""
"",E/O SR 161,"","5,025","","4,750",""
"",E/O 94 AV E,"4,375","","3,975","4,075","4,575"
"",W/O 94 AV E,"4,525","","3,700","3,775","4,300"
"",W/O 86 AV E,"3,900","","3,650","","4,075"
"",E/O BINGHAM RD E,375,"",375,375,425
"",E/O CANYON RD E,"1,100","","1,200","","1,575"
144 STREET KPN,W/O WRIGHT BLISS RD,475,"",350,"",400
144 STREET NW,W/O 54 AV NW,"","","","6,425",""
"",E/O SR 302 SPUR,"","7,450","7,750","7,400","7,600"
"",W/O PEACOCK HILL AV,"","4,800","","4,550",""
"",E/O PEACOCK HILL AV,"","2,825","","3,075",""
145 STREET E,E/O 122 AV E,"","1,475","","1,075",""
146 AVENUE E,N/O 224 ST E,"",675,"",750,""
150 AVENUE E,N/O 204 ST E,"","1,400","","1,400",""
150 AV KPN,S/O SR-302,275,"",250,"",250
152 STREET E,E/O MILITARY RD E,"11,300","11,550","11,800","12,875","13,000"
"",W/O 22 AV E,"10,100","10,425","9,625","9,775","11,425"
"",W/O WALLER RD E,"8,625","","9,575","","9,350"
"",E/O WALLER RD E,"7,200","","8,500","","7,425"
"",W/O BROOKDALE RD E,"8,025","8,300","7,650","7,550","7,400"
"",W/O CANYON RD E,"1,275","",975,"",825
"",E/O CANYON RD E,"1,675","","2,075","","1,800"
"",E/O 66 AV E,#REF!,"","1,425","","1,100"
"",W/O 86 AV E,"6,225","","5,975","","6,850"
"",E/O 94 AV E,"10,875","","10,125","","10,325"
"",W/O 94 AV E,"5,625","","5,525","","5,600"
"",E/O SR 161,"","7,500","","7,275",""
"",E/O 110 AV E,"","7,600","","8,050",""
"",W/O 121 AV CT E,"","6,600","","7,275",""
158 AVENUE E,S/O 264 ST E,"",775,"",625,""
158 AVENUE KPS,S/O DELANO RD KPS,350,"",350,"",400
159 STREET E,W/O B ST E,"8,300","","7,675","","8,125"
"",E/O B ST E,"6,400","","6,800","","6,125"
160 STREET E,E/O CANYON RD E,"13,150","14,425","14,925","13,275","14,250"
"",W/O WOODLAND AV E,"13,525","14,675","15,650","12,700","13,675"
"",W/O 74 AV E,"13,650","15,925","16,025","14,550","15,350"
"",W/O 78 AV E,"12,650","14,475","15,225","14,325","13,800"
"",W/O GEM HEIGHTS DR E,"13,625","15,025","15,600","14,825","14,550"
"",W/O SR 161,"12,225","","12,400","","12,050"
"",W/O 110 AV E,"","3,500","","4,250",""
160 STREET S,E/O PARK AV S,725,575,450,400,375
166 AVENUE E,S/O FOREST CANYON,"","1,700","","1,875",""
"",N/O 66 ST E,"","","","",""
"",E/O B ST E,"6,350","","5,825","","8,175"
"",W/O 22 AV E,"3,075","","3,125","","3,150"
"",W/O GEM HEIGHTS DR E,"2,150","","1,975","","2,075"
"",E/O GEM HEIGHTS DR E,"4,750","","4,475","4,275","4,825"
172 STREET E,W/O 22 AV E,"1,325","","1,475","","1,600"
174 STREET S,W/O SR 7,"3,100","2,050","2,250","2,275","2,375"
"",W/O PARK AV S,"3,350","","2,300","2,600","2,400"
176 STREET E,W/O B ST E,"19,075","19,050","","17,450",""
"",E/O B ST E,"16,725","16,925","","15,775",""
"",W/O 13 AV CT E,"15,250","15,675","","",""
"",W/O 22 AV E,"14,100","14,450","","","12,075"
"",E/O 22 AV E,"16,150","16,125","","","14,775"
"",E/O WALLER RD E,"16,200","17,350","","14,150",""
"",W/O 38 AV E,"16,175","17,575","","15,050","17,800"
"",E/O 38 AV E,"15,175","15,425","","13,350",""
"",W/O CANYON RD E,"15,375","15,750","","","15,850"
"",E/O CANYON RD E,"21,075","","","20,675","24,625"
"",E/O 78 AV E,"21,575","","","22,300","22,900"
"",W/O SR 161,"23,725","","","21,100","23,025"
180 STREET E,E/O 40 AVE E,475,"",425,"",400
182 AVENUE E,N/O 9 ST E,"","8,875","","7,625",""
"",S/O 9 ST E,"","4,675","","4,750",""
184 STREET E,W/O CANYON RD E,"1,100","",725,"",800
"",E/O 122 AV E,"","","","3,775",""
186 AVENUE KPN,S/O HERRON RD KPN,175,"",175,"",200
187 STREET E,W/O SR-161,"5,625","","6,275","","6,575"
"",E/O SR-161,"2,825","3,125","","4,375",""
190 AVENUE E,SW/O SO TAPPS DR,"","1,850","","1,600",""
"",N/O EDWARDS RD E,"","1,225","","1,225",""
"",N/O 9 ST E,"","1,225","","1,175",""
192 STREET E,E/O B ST E,"6,100","","","4,450","5,450"
"",W/O 22 AV E,"4,700","","4,950","","6,150"
"",E/O 22 AV E,"2,300","","3,550","","5,275"
"",W/O 38 AV E,"2,250","","2,825","","4,425"
"",W/O CANYON RD E,"1,875","","2,725","","2,625"
"",E/O CANYON RD E,"","","","",""
"",W/O 78 AV E,"2,100","","1,900","","2,000"
"",E/O 78 AV E,"3,850","","4,400","","3,800"
196 STREET E,E/O CANYON RD E,"","","","",""
"",S/O 120 ST E,"","2,725","2,400","2,500","3,050"
"",S/O CASCADIA BLVD E,"","","","",""
199 AV CT E,S/O 104 ST E,"","1,050","","2,500",""
200 STREET E,W/O ORTING-KAPOWSIN HWY,"6,075","4,775","","4,875",""
"",W/0 46 AVE E,"4,050","","4,400","","4,825"
"",W/O CANYON RD E,"9,350","","10,025","","10,050"
"",E/O 8 AV E,"4,125","","3,475","","3,850"
204 STREET E,E/O EUSTIS HUNT ST,"6,075","","5,625","","5,650"
"",W/O EUSTIS HUNT ST,"7,800","","7,900","","8,325"
"",W/O SR 161,"3,500","","3,675","","4,025"
"",E/O SR-7,"1,400","","1,750","","1,575"
208 STREET E,E/O 42 AV E,"4,200","","4,900","","4,425"
"",W/O 66 AV E,"1,925","","2,025","1,975","1,750"
"",E/O 22 AV E,"5,425","","7,125","","5,575"
"",W/O 22 AV E,"3,800","","4,700","","4,400"
"",W/O 8 AV E,"1,625","","2,100","","2,125"
214 AVENUE E,S/O 34 ST E,"8,550","8,400","8,350","8,050",""
"",N/O CONNELS PRAIRIE RD E,"","8,800","","8,550",""
"",N/O SUMNER-BUCKLEY HY,"","12,075","","10,925",""
"",S/O SUMNER-BUCKLEY HY,"","9,775","","8,325",""
"",S/O 96 ST E,"","10,125","","9,950",""
"",N/O SOUTH PRAIRIE RD E,"13,050","14,325","12,950","12,900",""
"",N/O 112 ST E,"15,200","16,425","15,400","15,025","15,075"
"",N/O 120 ST E,"12,750","13,175","13,525","12,550",""
"",S/O 120 ST E,"","6,450","","6,750",""
"",S/O 128 ST E,"","4,050","","4,200","3,950"
218 AVENUE E,S/O 40 ST E,"","7,375","","6,750",""
224 STREET E,W/O 38 AV E,"12,700","13,000","13,400","12,700","13,450"
"",E/O 38 AV E,"12,100","","12,600","","11,750"
"",E/O 46 AV E,"10,900","","10,150","","9,000"
"",W/O 70 AV E,"9,475","","10,400","","9,975"
"",E/O 70 AV E,"11,950","11,475","12,150","11,750","12,275"
"",E/O 82 AV E,"14,875","15,400","16,175","","15,850"
"",W/O SR 161,"15,775","15,500","15,375","","13,750"
"",E/O SR 161,"","10,025","","8,650",""
"",E/O 108 AV E,"","7,950","","8,150",""
"",W/O ORTING-KAPOWSIN HWY,"","6,975","","6,425",""
"",E/O ORTING-KAPOWSIN HWY,"","2,375","","2,800",""
232 STREET E,W/O 126 AV E,"",325,"",425,""
"",W/O SR 161,"1,450","","1,425","","1,575"
234 AVENUE E,S/O SUMNER-BUCKLEY HWY,"",650,"",750,""
"",N/O 112 ST E,"","3,850","","3,725",""
240 STREET E,E/O ORTING-KAPOWSIN HWY,"","1,200","","1,275",""
260 STREET E,W/O SR 7,"1,900","","2,175","1,775","1,925"
"",E/O SR 7,"5,000","","5,425","","4,675"
"",W/O 70 AV E,"2,500","","2,575","","2,775"
"",E/O 8 AV E,"1,225","","1,300","","1,150"
264 STREET E,W/O ORVILLE RD E,"",625,"",575,""
"",E/O ORTING-KAPOWSIN HWY,"","1,350","","1,200",""
"",E/O SR 161,"","1,900","","1,425","1,625"
"",E/O 110 AV E,"","","","",""
"",W/O ORTING-KAPOWSIN HWY,"","1,125","",900,""
274 STREET E,W/O SR 161,"1,275","","1,175","","1,200"
280 STREET E,E/O SR 161,"",125,"",150,""
280 STREET S,E/O ROY CITY LIMITS,550,"",550,"",450
288 STREET E,E/O WEBSTER RD E,275,"",325,"",275
"",W/O ORTING-KAPOWSIN HWY,"",300,"",300,""
"",E/O SR 161,"",825,"",825,""
"",W/O 8 AV E,"1,150","","1,050","","1,000"
288 STREET S,W/O 8 AV S,"1,850","","1,900","","1,675"
"",E/O 56 AV S,950,"",950,"",875
"",E/O LYONS DR S,875,"",875,"",800
"",E/O SR 507,"1,975","","1,900","","1,725"
296 STREET E,W/O 8 AV E,200,"",200,"",150
304 STREET E,W/O SR 161,"4,900","","6,575","","4,950"
"",E/O BRIDGE #5174-A,"3,925","","3,825","","3,700"
"",E/O SR 7,"4,750","","6,350","","4,650"
"",W/O SR 7,"1,400","","1,500","","1,525"
"",E/O 8 AV E,"1,350","","1,200","","1,200"
"",W/O 8 AV E,725,"",900,"",825
304 STREET S,W/O 8 AV S,350,"",475,"",350
308 STREET E,W/O WEBSTER RD E,450,"",525,"",400
320 STREET E,E/O SR 7,450,"",500,"",525
320 STREET S,W/O 72 AV S,625,"",675,"",575
"",E/O SR 507,"1,025","",950,"",900
336 STREET E,W/O KINSMAN RD E,250,"",250,"",275
"",E/O 40 AV S,675,"",875,"",675
"",W/O 8 AV S,625,"",925,"",625
"",E/O SR 507,"1,200","","1,150","","1,075"
340 STREET E,E/O SR 7,450,"",475,"",425
352 STREET E,E/O EATONVILLE CUTOFF,875,"",700,"",825
"",W/O SR 161,825,"",800,"",900
